Detailed Results,Unnamed: 1,Unnamed: 2,Unnamed: 3,Unnamed: 4,Unnamed: 5,Unnamed: 6,Unnamed: 7,Unnamed: 8,Unnamed: 9,Unnamed: 10,Unnamed: 11
,,,,,,,,,,,
Constituency No.,Constituency Name,Candidate Name,Candidate Sex,Candidate Age,Candidate Category, Party Name, VALID VOTES POLLED in General, VALID VOTES POLLED in Postal, Total Valid Votes,Total Electors,Total Votes
1,Ratabari,KRIPANATH MALLAH,M,40,SC,BJP,53773,202,53975,148269,112608
1,Ratabari,AKHIL RANJAN TALUKDAR,M,60,SC,INC,29324,125,29449,148269,112608
1,Ratabari,RAJIB BISWAS,M,37,SC,AIUDF,23914,12,23926,148269,112608
1,Ratabari,SETUL CHANDRA NAMASUDRA,M,66,SC,IND,908,0,908,148269,112608
1,Ratabari,None of the Above,,,,NOTA,887,2,889,148269,112608
1,Ratabari,NIRMAL MALLICK,M,42,SC,SP,542,0,542,148269,112608
1,Ratabari,PRABIR BARDHAN,M,36,SC,IND,486,1,487,148269,112608
1,Ratabari,SANJOY KUMAR MALLAH,M,39,SC,IND,419,0,419,148269,112608
1,Ratabari,KALIPADA BISWAS,M,40,SC,IND,380,0,380,148269,112608
1,Ratabari,MANILAL RABIDAS,M,67,SC,IND,369,1,370,148269,112608
1,Ratabari,SATYENDRA NAMASUDRA,M,40,SC,SUCI,353,1,354,148269,112608
1,Ratabari,NIRANJAN MALLAH,M,58,SC,IND,266,1,267,148269,112608
1,Ratabari,RANJU ROY,M,51,SC,IND,247,0,247,148269,112608
1,Ratabari,UMESH MALAH,M,29,SC,IND,204,0,204,148269,112608
1,Ratabari,AMULYA NAMASUDRA,M,56,SC,IND,191,0,191,148269,112608
2,Patharkandi,KRISHNENDU PAUL,M,42,GEN,BJP,46419,125,46544,155472,122694
2,Patharkandi,DEBENDRA KUMAR SINHA,M,62,GEN,AIUDF,37192,84,37276,155472,122694
2,Patharkandi,MONI LAL GOWALA,M,73,GEN,INC,31898,150,32048,155472,122694
2,Patharkandi,KRIPESH RANJAN DASGUPTA,M,65,GEN,CPM,1638,0,1638,155472,122694
2,Patharkandi,None of the Above,,,,NOTA,1029,1,1030,155472,122694
2,Patharkandi,KABIR AHMED,M,34,GEN,IND,892,0,892,155472,122694
2,Patharkandi,RAHIM UDDIN AHMED,M,46,GEN,IND,743,0,743,155472,122694
2,Patharkandi,MISBAQUE UDDIN,M,42,GEN,SP,599,0,599,155472,122694
2,Patharkandi,DEBANGSHU NATH,M,47,GEN,SUCI,509,0,509,155472,122694
2,Patharkandi,ASAD UDDIN AHMED,M,34,GEN,IND,501,0,501,155472,122694
2,Patharkandi,NITAI DEY,M,46,GEN,IND,495,0,495,155472,122694
2,Patharkandi,NIHAR RANJAN DEB NATH,M,44,GEN,IND,419,0,419,155472,122694
3,Karimganj North,KAMALAKHYA DEY PURKAYASTHA,M,38,GEN,INC,45079,210,45289,171548,130781
3,Karimganj North,MISSION RANJAN DAS,M,54,GEN,BJP,44627,194,44821,171548,130781
3,Karimganj North,SAHABUL ISLAM CHOUDHURY,M,47,GEN,AIUDF,34131,76,34207,171548,130781
3,Karimganj North,NAZRUL ISLAM CHOUDHURY,M,55,GEN,IND,1703,1,1704,171548,130781
3,Karimganj North,ABDUL AHAD CHOUDHURY,M,40,GEN,IND,1052,0,1052,171548,130781
3,Karimganj North,MOIN UDDIN,M,44,GEN,IND,708,0,708,171548,130781
3,Karimganj North,None of the Above,,,,NOTA,671,3,674,171548,130781
3,Karimganj North,ARUNANGSHU BHATTACHARJEE,M,57,GEN,SUCI,467,1,468,171548,130781
3,Karimganj North,MUHAMMAD MUHSIN ALAM,M,29,GEN,IND,419,1,420,171548,130781
3,Karimganj North,SIBIR AHMED,M,34,GEN,IND,265,0,265,171548,130781
3,Karimganj North,BIKASH KANTI ROY,M,57,GEN,BGANP,253,0,253,171548,130781
3,Karimganj North,DEEPAN NATH,M,35,GEN,IND,241,0,241,171548,130781
3,Karimganj North,KAYSAR AHMED CHOUDHURY,M,35,GEN,IND,236,1,237,171548,130781
3,Karimganj North,AMJAD HUSSAIN,M,47,GEN,IND,161,0,161,171548,130781
3,Karimganj North,TAJ UDDIN CHOUDHURY,M,43,GEN,IND,143,1,144,171548,130781
3,Karimganj North,ARUN KUMAR DAS,M,64,GEN,IND,137,0,137,171548,130781
4,Karimganj South,AZIZ AHMED KHAN,M,38,GEN,AIUDF,57934,126,58060,160670,128442
4,Karimganj South,SIDDEQUE AHMED,M,53,GEN,INC,53454,190,53644,160670,128442
4,Karimganj South,SIPRA GOON,F,47,GEN,BJP,11828,33,11861,160670,128442
4,Karimganj South,MONARUL HAQUE,M,28,GEN,IND,815,0,815,160670,128442
4,Karimganj South,MOSUD AHMED,M,41,GEN,IND,592,0,592,160670,128442
4,Karimganj South,AZIR UDDIN,M,43,GEN,IND,391,0,391,160670,128442
4,Karimganj South,MOIN UDDIN,M,44,GEN,IND,366,0,366,160670,128442
4,Karimganj South,MAYNUL HAQUE,M,40,GEN,IND,265,0,265,160670,128442
4,Karimganj South,SUFIAN AHMED,M,44,GEN,IND,264,0,264,160670,128442
4,Karimganj South,BILAL UDDIN,M,41,GEN,IND,242,0,242,160670,128442
4,Karimganj South,TAJ MD KAMAL UDDIN KHAN,M,33,GEN,IND,212,0,212,160670,128442
4,Karimganj South,JAMAL AHMED,M,35,GEN,IND,199,0,199,160670,128442
4,Karimganj South,None of the Above,,,,NOTA,172,1,173,160670,128442
4,Karimganj South,ABDUL HAMID,M,42,GEN,IND,159,0,159,160670,128442
4,Karimganj South,AHMED ALI,M,33,GEN,IND,157,0,157,160670,128442
4,Karimganj South,ABU BARKAT NIZAM UDDIN AHMED,M,50,GEN,IND,150,0,150,160670,128442
4,Karimganj South,MUKTAR HUSSAIN,M,25,GEN,IND,121,1,122,160670,128442
4,Karimganj South,SAD UDDIN,M,53,GEN,IND,106,0,106,160670,128442
4,Karimganj South,SAHAJAN AHMED,M,38,GEN,IND,105,0,105,160670,128442
4,Karimganj South,QUAMRUL ISLAM,M,35,GEN,IND,98,0,98,160670,128442
4,Karimganj South,SARIF UDDIN,M,36,GEN,IND,97,0,97,160670,128442
4,Karimganj South,FAIZUL HAQUE,M,25,GEN,IND,95,0,95,160670,128442
4,Karimganj South,KABIR UDDIN,M,39,GEN,IND,90,0,90,160670,128442
4,Karimganj South,SALIM UDDIN,M,30,GEN,IND,80,0,80,160670,128442
4,Karimganj South,SABIR AHMED,M,27,GEN,IND,56,0,56,160670,128442
4,Karimganj South,RAJIB DAS,M,34,GEN,IND,43,0,43,160670,128442
5,Badarpur,JAMAL UDDIN AHMED,M,61,GEN,INC,38116,150,38266,139063,112519
5,Badarpur,ABDUL AZIZ,M,48,GEN,AIUDF,36075,103,36178,139063,112519
5,Badarpur,DIPAK DEB,M,50,GEN,BJP,35589,105,35694,139063,112519
5,Badarpur,None of the Above,,,,NOTA,594,2,596,139063,112519
5,Badarpur,SAZIDUL HOQUE,M,31,GEN,IND,417,1,418,139063,112519
5,Badarpur,KAMRUL ISLAM,M,29,GEN,SP,303,0,303,139063,112519
5,Badarpur,SUBODH SUKLABAIDYA,M,50,SC,IND,295,0,295,139063,112519
5,Badarpur,OLIOUR RAHAMAN TAPADAR,M,43,GEN,IND,168,0,168,139063,112519
5,Badarpur,SOLMON SHAIKH,M,33,GEN,IND,145,2,147,139063,112519
5,Badarpur,ABDUS SUKKUR BEIG,M,41,GEN,IND,142,0,142,139063,112519
5,Badarpur,KHASRUZZAMAN TALUKDAR,M,26,GEN,IND,131,1,132,139063,112519
5,Badarpur,ANAM UDDIN,M,36,GEN,IND,101,0,101,139063,112519
5,Badarpur,BINOY NAMASUDRA,M,54,GEN,IND,79,0,79,139063,112519
6,Hailakandi,ANWAR HUSSAIN LASKAR,M,45,GEN,AIUDF,41462,185,41647,145069,112993
6,Hailakandi,SOUMYAJIT DUTTA CHOUDHURY,M,38,GEN,BJP,38877,162,39039,145069,112993
6,Hailakandi,ZAKIR HUSSAIN LASKAR,M,45,GEN,IND,15573,60,15633,145069,112993
6,Hailakandi,ANAM UDDIN LASKAR,M,45,GEN,INC,9222,65,9287,145069,112993
6,Hailakandi,HAJI SALIM UDDIN BARBHUIYA,M,58,GEN,IND,1114,5,1119,145069,112993
6,Hailakandi,PREMRAJ GOALA,M,49,GEN,IND,1101,3,1104,145069,112993
6,Hailakandi,SAMIR UDDIN LASKAR,M,63,GEN,SP,599,3,602,145069,112993
6,Hailakandi,FAKRUL ALAM MAZARBHUIYA,M,32,GEN,IND,579,0,579,145069,112993
6,Hailakandi,ALI HUSSAIN  MIRA,M,33,GEN,IND,428,2,430,145069,112993
6,Hailakandi,NIREN DAS,M,36,SC,IND,376,0,376,145069,112993
6,Hailakandi,AJIT KUMAR PAUL,M,73,GEN,NCP,372,0,372,145069,112993
6,Hailakandi,LUTFUR RAHMAN LASKAR,M,42,GEN,IND,365,1,366,145069,112993
6,Hailakandi,AMIT KUMAR DEB,M,28,GEN,IND,363,0,363,145069,112993
6,Hailakandi,None of the Above,,,,NOTA,279,2,281,145069,112993
6,Hailakandi,MITUZZAMAN LASKAR,M,36,GEN,IND,244,0,244,145069,112993
6,Hailakandi,PARBEJ KHASRU LASKAR,M,37,GEN,IND,226,2,228,145069,112993
6,Hailakandi,AMAR CHAND BHOWMIK,M,52,GEN,IND,211,0,211,145069,112993
6,Hailakandi,BURHAN UDDIN BARBHUIYA,M,32,GEN,IND,199,0,199,145069,112993
6,Hailakandi,SAHARUZZAMAN LASKAR,M,40,GEN,IND,180,0,180,145069,112993
6,Hailakandi,ABUL HUSSAIN BARBHUIYA,M,28,GEN,IND,176,0,176,145069,112993
6,Hailakandi,SUSHIL PAUL,M,55,GEN,SUCI,163,0,163,145069,112993
6,Hailakandi,ADHIR CHANDA,M,48,GEN,IND,158,0,158,145069,112993
6,Hailakandi,AJAY KUMAR ROY,M,34,SC,IND,122,0,122,145069,112993
6,Hailakandi,SANKAR CHAKROBARTY,M,39,GEN,IND,114,0,114,145069,112993
7,Katlichera,SUZAM UDDIN LASKAR,M,49,GEN,AIUDF,50674,2,50676,158667,124831
7,Katlichera,GAUTAM ROY,M,68,GEN,INC,35584,8,35592,158667,124831
7,Katlichera,RAJ KUMAR DAS,M,51,GEN,BJP,32164,0,32164,158667,124831
7,Katlichera,None of the Above,,,,NOTA,931,0,931,158667,124831
7,Katlichera,MULNEILAL HRANGKHOL,M,40,GEN,NCP,898,0,898,158667,124831
7,Katlichera,SUZAM UDDIN LASKAR,M,26,GEN,IND,782,0,782,158667,124831
7,Katlichera,ANIL NATH,M,55,GEN,SP,755,0,755,158667,124831
7,Katlichera,BHASKAR DEB,M,35,GEN,IND,661,0,661,158667,124831
7,Katlichera,BACHCHU PAUL,M,38,GEN,IND,567,0,567,158667,124831
7,Katlichera,MINNOTULLA CHOUDHURY,M,28,GEN,IND,429,0,429,158667,124831
7,Katlichera,MOHAN DEB,M,26,GEN,IND,383,0,383,158667,124831
7,Katlichera,ASHIK AHMED LASKAR,M,26,GEN,IND,364,0,364,158667,124831
7,Katlichera,BAPPA PURKAYASTHA,M,38,SC,IND,329,0,329,158667,124831
7,Katlichera,NOROKANTO DAS,M,46,GEN,IND,300,0,300,158667,124831
8,Algapur,NIZAM UDDIN CHOUDHURY,M,43,GEN,AIUDF,50526,5,50531,143714,119393
8,Algapur,KAUSHIK RAI,M,39,GEN,BJP,32774,3,32777,143714,119393
8,Algapur,RAHUL ROY,M,41,GEN,INC,25925,2,25927,143714,119393
8,Algapur,MEHNAZ SAHID CHOUDHURY,F,26,GEN,AGP,5822,0,5822,143714,119393
8,Algapur,None of the Above,,,,NOTA,768,0,768,143714,119393
8,Algapur,SAHIDUL ISLAM LASKAR,M,32,GEN,SP,585,0,585,143714,119393
8,Algapur,AHMED HUSSAIN LASKAR,M,25,GEN,IND,509,0,509,143714,119393
8,Algapur,RUPU DEB,M,34,GEN,IND,475,0,475,143714,119393
8,Algapur,RAJU DAS,M,40,GEN,IND,475,0,475,143714,119393
8,Algapur,SAMIN AHMED CHOUDHURY,M,34,GEN,IND,461,0,461,143714,119393
8,Algapur,AHMED KARIM BARBHUIYA,M,38,GEN,IND,260,0,260,143714,119393
8,Algapur,IMADUL ISLAM LASKAR,M,42,GEN,IND,229,0,229,143714,119393
8,Algapur,BINAYAK DEB,M,27,GEN,IND,222,0,222,143714,119393
8,Algapur,KAZI MUZAKKIR HUSSAIN,M,33,GEN,IND,179,0,179,143714,119393
8,Algapur,SALEH AHMED MAZUMDER,M,30,GEN,IND,173,0,173,143714,119393
9,Silchar,DILIP KUMAR PAUL,M,60,GEN,BJP,94646,141,94787,208866,156594
9,Silchar,BITHIKA DEV,F,80,GEN,INC,54821,46,54867,208866,156594
9,Silchar,SUPRIYA BHATTACHARJEE,M,57,GEN,CPM,1956,5,1961,208866,156594
9,Silchar,None of the Above,,,,NOTA,1140,3,1143,208866,156594
9,Silchar,SHUVADIP DATTA,M,50,GEN,IND,656,1,657,208866,156594
9,Silchar,RITA MAZUMDER,F,41,GEN,IND,526,0,526,208866,156594
9,Silchar,IMDAD HUSSAIN LASKAR,M,42,GEN,IND,512,0,512,208866,156594
9,Silchar,SAHIN AHMED CHOUDHURY,M,38,GEN,SP,332,0,332,208866,156594
9,Silchar,PRADIP KUMAR DEB,M,62,GEN,SUCI,324,0,324,208866,156594
9,Silchar,BIJU CHANDA,M,35,GEN,IND,318,0,318,208866,156594
9,Silchar,KHAIRUL ALAM BARBHUIYA,M,61,GEN,IND,270,0,270,208866,156594
9,Silchar,BROJALAL DAS,M,38,SC,IND,232,0,232,208866,156594
9,Silchar,ASCHAM UDDIN LASKAR,M,45,GEN,IND,211,0,211,208866,156594
9,Silchar,NILOM SANJIB SARMAH,M,32,GEN,BGANP,199,0,199,208866,156594
9,Silchar,MONILAL DAS,M,40,SC,IND,158,0,158,208866,156594
9,Silchar,ASHIM KUMAR DAS,M,31,SC,IND,97,0,97,208866,156594
10,Sonai,AMINUL HAQUE LASKAR,M,50,GEN,BJP,44206,30,44236,159040,123465
10,Sonai,ANAMUL HAQUE,M,66,GEN,INC,36657,26,36683,159040,123465
10,Sonai,KARIM UDDIN BARBHUIYA,M,46,GEN,AIUDF,32098,11,32109,159040,123465
10,Sonai,IBUNGOBI SINGHA,M,42,GEN,IND,2986,1,2987,159040,123465
10,Sonai,ANWAR HUSSAIN LASKAR,M,54,GEN,IND,2408,0,2408,159040,123465
10,Sonai,None of the Above,,,,NOTA,1292,0,1292,159040,123465
10,Sonai,SANJIB KUMAR DAS,M,39,GEN,IND,943,0,943,159040,123465
10,Sonai,SANTOSH DAS,M,38,SC,IND,597,1,598,159040,123465
10,Sonai,REJAUL ISLAM BARBHUIYA,M,32,GEN,IND,579,0,579,159040,123465
10,Sonai,PRANESH NATH,M,46,GEN,LJP,522,0,522,159040,123465
10,Sonai,MANINDRA CHANDRA DAS,M,62,SC,SP,401,0,401,159040,123465
10,Sonai,JAWAHAR LAL GOALA,M,67,GEN,IND,401,0,401,159040,123465
10,Sonai,MAKSUS AHMED LASKAR,M,34,GEN,IND,306,0,306,159040,123465
11,Dholai,PARIMAL SUKLABAIDYA,M,58,SC,BJP,68646,48,68694,160525,128303
11,Dholai,GIRINDRA MALLIK,M,77,SC,INC,41836,21,41857,160525,128303
11,Dholai,LALTA PROSAD MALA,M,61,SC,AIUDF,13381,1,13382,160525,128303
11,Dholai,None of the Above,,,,NOTA,2110,0,2110,160525,128303
11,Dholai,GOUR CHANDRA DAS,M,31,SC,SUCI,1146,0,1146,160525,128303
11,Dholai,NIHAR RANJAN DAS,M,43,SC,IND,1114,0,1114,160525,128303
12,Udharbond,MIHIR KANTI SHOME,M,49,GEN,BJP,54182,22,54204,140920,112160
12,Udharbond,AJIT SINGH,M,55,GEN,INC,45580,18,45598,140920,112160
12,Udharbond,LIAKAT ALI LASKAR,M,56,GEN,AIUDF,8715,0,8715,140920,112160
12,Udharbond,None of the Above,,,,NOTA,1745,0,1745,140920,112160
12,Udharbond,SADIK HUSSAIN BARLASKAR,M,41,GEN,IND,882,0,882,140920,112160
12,Udharbond,APARNA TEWARI,F,48,GEN,SP,542,0,542,140920,112160
12,Udharbond,MOINUL HOQUE LASKAR,M,47,GEN,IND,474,0,474,140920,112160
13,Lakhipur,RAJDEEP GOALA,M,31,GEN,INC,60095,40,60135,144183,109338
13,Lakhipur,THOIBA SINGHA,M,41,GEN,BJP,35754,14,35768,144183,109338
13,Lakhipur,LALTHOMLIEN HMAR,M,37,GEN,JD(U),8923,0,8923,144183,109338
13,Lakhipur,JOY SINGH CHATRI,M,56,GEN,SUCI,1346,0,1346,144183,109338
13,Lakhipur,None of the Above,,,,NOTA,1309,0,1309,144183,109338
13,Lakhipur,SANJAY KUMAR THAKUR,M,42,GEN,IND,741,0,741,144183,109338
13,Lakhipur,AJMUL HUSSAIN LASKAR,M,48,GEN,IND,660,0,660,144183,109338
13,Lakhipur,UJJAL DHUBI,M,29,SC,IND,456,0,456,144183,109338
14,Barkhola,KISHOR NATH,M,51,GEN,BJP,36465,17,36482,130082,104534
14,Barkhola,MISBAHUL ISLAM LASKAR,M,60,GEN,IND,36418,22,36440,130082,104534
14,Barkhola,DR. RUMI NATH,F,36,GEN,INC,21939,7,21946,130082,104534
14,Barkhola,JAHURUL ISLAM BARBHUIYA,M,33,GEN,AIUDF,4051,0,4051,130082,104534
14,Barkhola,CHUNILAL BHATTACHARJEE,M,74,GEN,CPM,2438,0,2438,130082,104534
14,Barkhola,None of the Above,,,,NOTA,1621,0,1621,130082,104534
14,Barkhola,BADRUL ISLAM MAZUMDER,M,40,GEN,IND,619,0,619,130082,104534
14,Barkhola,ANAM UDDIN MAZUMDER,M,40,GEN,IND,473,0,473,130082,104534
14,Barkhola,NAZMUL HOQUE LASKAR,M,45,GEN,IND,463,1,464,130082,104534
15,Katigorah,AMAR CHAND JAIN,M,59,GEN,BJP,59732,32,59764,160960,135712
15,Katigorah,KHALIL UDDIN MAZUMDER,M,37,GEN,AIUDF,50944,12,50956,160960,135712
15,Katigorah,ATAUR RAHMAN MAZARBHUIYA,M,63,GEN,INC,16406,12,16418,160960,135712
15,Katigorah,TRAYABASHI DAS,M,41,SC,IND,1947,2,1949,160960,135712
15,Katigorah,MOINUL HOQUE,M,61,GEN,CPI,1372,0,1372,160960,135712
15,Katigorah,SAMUJJAL DAS,M,25,GEN,IND,906,0,906,160960,135712
15,Katigorah,None of the Above,,,,NOTA,905,1,906,160960,135712
15,Katigorah,HANIF ALOM MAZARBHUIYA,M,32,GEN,IND,826,0,826,160960,135712
15,Katigorah,ALA UDDIN CHOUDHURY,M,64,GEN,SP,552,0,552,160960,135712
15,Katigorah,SALEH AHMED TALUKDAR,M,28,GEN,IND,541,0,541,160960,135712
15,Katigorah,ARUN KARMAKAR,M,48,GEN,IND,425,0,425,160960,135712
15,Katigorah,RAFIQUE UZZAMAN LASKAR,M,51,GEN,IND,356,0,356,160960,135712
15,Katigorah,MAHENDRA SINHA,M,46,GEN,IND,284,0,284,160960,135712
15,Katigorah,SUJATA SINHA,F,37,GEN,JNCP,270,3,273,160960,135712
15,Katigorah,DIPAK LAL DAS,M,58,SC,IND,184,0,184,160960,135712
16,Haflong ,BIR BHADRA HAGJER,M,65,ST,BJP,51996,41,52037,126413,102495
16,Haflong ,NIRMAL LANGTHASA,M,42,ST,INC,43711,20,43731,126413,102495
16,Haflong ,MAYASING DAULAGUPU,M,62,ST,IND,2892,1,2893,126413,102495
16,Haflong ,NEIKHOL HAOLAI CHANGSAN,F,42,ST,AIUDF,2718,5,2723,126413,102495
16,Haflong ,None of the Above,,,,NOTA,1111,0,1111,126413,102495
17,Bokajan,NUMAL MOMIN,M,43,ST,BJP,40101,69,40170,129723,107156
17,Bokajan,KLENGDOON ENGTI,M,35,ST,INC,35384,42,35426,129723,107156
17,Bokajan,JAGAT SING ENGTI,M,46,ST,IND,25371,17,25388,129723,107156
17,Bokajan,None of the Above,,,,NOTA,2142,2,2144,129723,107156
17,Bokajan,DANIEL MOMIN,M,31,ST,NPEP,1628,0,1628,129723,107156
17,Bokajan,SANJAY KEMPRAI,M,35,ST,IND,1441,0,1441,129723,107156
17,Bokajan,BIKHA TOKBI,M,35,ST,JNCP,959,0,959,129723,107156
18,Howraghat,JOY RAM ENGLENG,M,56,ST,BJP,43214,164,43378,117288,98170
18,Howraghat,KHORSING ENGTI,M,65,ST,INC,36864,123,36987,117288,98170
18,Howraghat,CHOMANG KRO,M,50,ST,IND,15851,48,15899,117288,98170
18,Howraghat,None of the Above,,,,NOTA,1905,1,1906,117288,98170
19,Diphu,SUM RONGHANG,M,53,ST,BJP,64051,370,64421,172099,138262
19,Diphu,BIDYA SING ENGLENG,M,61,ST,INC,36052,133,36185,172099,138262
19,Diphu,DR. JAYANTA RONGPI,M,59,ST,IND,31485,162,31647,172099,138262
19,Diphu,None of the Above,,,,NOTA,2789,14,2803,172099,138262
19,Diphu,DIPENDRA RONGPI,M,54,ST,LJP,1975,0,1975,172099,138262
19,Diphu,MARY KRAMSAPI,F,53,ST,JNCP,1228,3,1231,172099,138262
20,Baithalangso,DR.MANSING RONGPI,M,57,ST,INC,62589,7,62596,180293,146110
20,Baithalangso,ARUN TERANG,M,62,ST,BJP,53074,3,53077,180293,146110
20,Baithalangso,HOLIRAM TERANG,M,57,ST,IND,25164,7,25171,180293,146110
20,Baithalangso,None of the Above,,,,NOTA,2981,0,2981,180293,146110
20,Baithalangso,DHONSING HANSE,M,48,ST,JNCP,2285,0,2285,180293,146110
21,Mankachar ,DR. MOTIUR ROHMAN MONDAL,M,66,GEN,INC,53800,381,54181,182791,171625
21,Mankachar ,MD. AMINUL ISLAM,M,41,GEN,AIUDF,49725,143,49868,182791,171625
21,Mankachar ,ZABED ISLAM,M,48,GEN,IND,48036,322,48358,182791,171625
21,Mankachar ,ABDUL SALAM SHAH,M,48,GEN,BJP,8477,13,8490,182791,171625
21,Mankachar ,AMINUL ISLAM,M,66,GEN,IND,6716,2,6718,182791,171625
21,Mankachar ,RUKUNUR ZAMAN,M,39,GEN,IND,1399,0,1399,182791,171625
21,Mankachar ,PAHCHAN ALI,M,66,GEN,SUCI,1186,0,1186,182791,171625
21,Mankachar ,None of the Above,,,,NOTA,835,0,835,182791,171625
21,Mankachar ,MOSTAQUE MD MOKSEDUR HASSAN,M,37,GEN,SP,590,0,590,182791,171625
22,Salmara South,WAZED ALI CHOUDHURY,M,54,GEN,INC,79891,175,80066,157528,147097
22,Salmara South,BADRUDDIN AJMAL,M,61,GEN,AIUDF,63292,51,63343,157528,147097
22,Salmara South,SHIRAJ HUSSAIN,M,28,GEN,BJP,1953,1,1954,157528,147097
22,Salmara South,DEWAN JOYNAL ABEDIN,M,73,GEN,SUCI,1147,6,1153,157528,147097
22,Salmara South,None of the Above,,,,NOTA,581,0,581,157528,147097
23,Dhubri,NAJRUL HOQUE,M,46,GEN,AIUDF,60928,5,60933,172622,152023
23,Dhubri,NAZIBUL UMAR,M,69,GEN,IND,36828,19,36847,172622,152023
23,Dhubri,DR. DEBAMOY SANYAL,M,57,GEN,BJP,33613,35,33648,172622,152023
23,Dhubri,ABEDUR ZAMAN,M,33,GEN,INC,13123,3,13126,172622,152023
23,Dhubri,RASUL HOQUE,M,45,GEN,IND,3486,0,3486,172622,152023
23,Dhubri,None of the Above,,,,NOTA,1069,0,1069,172622,152023
23,Dhubri,ALI HUSSAIN,M,38,GEN,IND,975,0,975,172622,152023
23,Dhubri,SOPIAR RAHMAN,M,45,GEN,CPM,669,0,669,172622,152023
23,Dhubri,AZHAR HUSSAIN,M,66,GEN,SUCI,552,0,552,172622,152023
23,Dhubri,MUKTA BEGUM,F,43,GEN,RPI(A),406,0,406,172622,152023
23,Dhubri,BAHARUL SK.,M,32,GEN,RSSC,312,0,312,172622,152023
24,Gauripur,NIJANUR RAHMAN,M,43,GEN,AIUDF,73412,11,73423,179188,160797
24,Gauripur,BANENDRA KUMAR MUSHAHARY,M,57,ST,BOPF,53501,11,53512,179188,160797
24,Gauripur,SUSHIL KUMAR ROY,M,60,GEN,INC,23098,4,23102,179188,160797
24,Gauripur,SUKUMAR ROY,M,52,GEN,IND,5420,0,5420,179188,160797
24,Gauripur,None of the Above,,,,NOTA,1447,0,1447,179188,160797
24,Gauripur,ABDUR RAZZAQUE SHEIKH,M,48,GEN,IND,768,0,768,179188,160797
24,Gauripur,SUNIL DAS,M,45,SC,IND,669,0,669,179188,160797
24,Gauripur,MOINUL HOQUE,M,42,GEN,IND,595,0,595,179188,160797
24,Gauripur,HELIM ZAMAN,M,32,GEN,RSSC,539,0,539,179188,160797
24,Gauripur,BIKROMJIT ROY,M,38,GEN,IND,534,0,534,179188,160797
24,Gauripur,MD. MAHIJUR RAHMAN,M,38,GEN,TNRMPI,487,0,487,179188,160797
24,Gauripur,MIR HUSSAIN SARKAR,M,25,GEN,RPI(A),301,0,301,179188,160797
25,Golakganj,ASHWINI RAY SARKAR,M,44,GEN,BJP,74608,36,74644,177153,161555
25,Golakganj,ABDUS SOBAHAN ALI SARKAR,M,40,GEN,INC,68233,20,68253,177153,161555
25,Golakganj,SAFER ALI AHMED,M,53,GEN,AIUDF,16843,0,16843,177153,161555
25,Golakganj,None of the Above,,,,NOTA,1001,0,1001,177153,161555
25,Golakganj,JALAL UDDIN KHAN,M,48,GEN,IND,814,0,814,177153,161555
26,BILASIPARA WEST,HAFIZ BASHIR AHMED,M,55,GEN,AIUDF,44314,93,44407,147741,137513
26,BILASIPARA WEST,ALI AKBAR MIAH,M,57,GEN,IND,33115,90,33205,147741,137513
26,BILASIPARA WEST,SABANA AKTAR,F,43,GEN,INC,25310,205,25515,147741,137513
26,BILASIPARA WEST,ALI AZOM SHEIKH,M,60,GEN,AGP,14669,19,14688,147741,137513
26,BILASIPARA WEST,GIAS UDDIN AHMED,M,87,GEN,CPI,6776,16,6792,147741,137513
26,BILASIPARA WEST,BIPLAB MUKHERJEE,M,44,GEN,IND,5803,9,5812,147741,137513
26,BILASIPARA WEST,ATOWAR HUSSAIN,M,35,GEN,IND,1995,2,1997,147741,137513
26,BILASIPARA WEST,SAIFUL ISLAM,M,44,GEN,IND,1412,0,1412,147741,137513
26,BILASIPARA WEST,None of the Above,,,,NOTA,764,2,766,147741,137513
26,BILASIPARA WEST,SHEIKH MONSHUR RAHMAN,M,55,GEN,IND,615,1,616,147741,137513
26,BILASIPARA WEST,MOHAR UDDIN MONDAL,M,46,GEN,SP,577,0,577,147741,137513
26,BILASIPARA WEST,AFZALUR RAHMAN,M,29,GEN,RPI(A),498,0,498,147741,137513
26,BILASIPARA WEST,AJMIRA AKTAR,F,25,GEN,JNCP,492,0,492,147741,137513
26,BILASIPARA WEST,PRAKRITA KUMAR N ATH,M,49,GEN,IND,485,1,486,147741,137513
26,BILASIPARA WEST,YOUSUB ALI AHMED,M,68,GEN,IUML,250,0,250,147741,137513
27,BILASIPARA EAST,ASHOK KUMAR SINGHI,M,52,GEN,BJP,59037,169,59206,185838,167738
27,BILASIPARA EAST,AMRIT BADSHA,M,33,GEN,INC,53890,220,54110,185838,167738
27,BILASIPARA EAST,MOSHLEM UDDIN CHOUDHURY,M,46,GEN,AIUDF,43161,52,43213,185838,167738
27,BILASIPARA EAST,ANWAR HUSSAIN,M,68,GEN,IND,4912,29,4941,185838,167738
27,BILASIPARA EAST,None of the Above,,,,NOTA,1069,4,1073,185838,167738
27,BILASIPARA EAST,SIDDIQUE HUSSEIN,M,38,GEN,IND,1047,0,1047,185838,167738
27,BILASIPARA EAST,AMARENDRA NATH,M,46,GEN,IND,747,2,749,185838,167738
27,BILASIPARA EAST,MARTIAL RUSSEL,M,59,GEN,IND,733,0,733,185838,167738
27,BILASIPARA EAST,NISHIL KUMAR RAY,M,69,GEN,IND,720,0,720,185838,167738
27,BILASIPARA EAST,TRIDIP PATI SINGHA,M,50,GEN,IND,700,0,700,185838,167738
27,BILASIPARA EAST,AMZAD HUSSEIN,M,54,GEN,SP,500,0,500,185838,167738
27,BILASIPARA EAST,DR. ASHWIN KUMAR MAHANTA,M,41,GEN,IND,406,0,406,185838,167738
27,BILASIPARA EAST,MOMINUR ALI SHEIKH,M,30,GEN,RPI(A),340,0,340,185838,167738
28,Gossaigaon,MAJENDRA NARZARY,M,59,ST,BOPF,45244,273,45517,166083,142540
28,Gossaigaon,RAVI SANKAR KASIREDDY,M,40,GEN,AIUDF,39413,63,39476,166083,142540
28,Gossaigaon,ASHIM HASDA,M,46,GEN,INC,32106,81,32187,166083,142540
28,Gossaigaon,SOMNATH NARZARY,M,35,ST,IND,17873,51,17924,166083,142540
28,Gossaigaon,WILSON HASDA,M,35,GEN,IND,3783,3,3786,166083,142540
28,Gossaigaon,None of the Above,,,,NOTA,1478,4,1482,166083,142540
28,Gossaigaon,MITHUN NATH,M,30,GEN,RPI(A),1199,0,1199,166083,142540
28,Gossaigaon,RAJENDRA MUSHAHARY,M,58,ST,IND,969,0,969,166083,142540
29,Kokrajhar West,RABIRAM NARZARY,M,48,ST,BOPF,64139,284,64423,159579,140941
29,Kokrajhar West,DAHIT CHANDRA BRAHMA,M,40,ST,AIUDF,46994,89,47083,159579,140941
29,Kokrajhar West,URKHAO GWRA BRAHMA,M,52,ST,IND,18495,134,18629,159579,140941
29,Kokrajhar West,NILIMA BRAHMA,F,43,ST,IND,3541,4,3545,159579,140941
29,Kokrajhar West,BHADRESWAR BRAHMA,M,64,ST,IND,1437,0,1437,159579,140941
29,Kokrajhar West,None of the Above,,,,NOTA,1281,4,1285,159579,140941
29,Kokrajhar West,MUKUNDA KOCH,M,46,ST,IND,1114,2,1116,159579,140941
29,Kokrajhar West,SUBHADRA NARZARY,F,43,ST,IND,1044,0,1044,159579,140941
29,Kokrajhar West,SUJILA BASUMATARY,F,48,ST,IND,976,1,977,159579,140941
29,Kokrajhar West,ARUNA BRAHMA,F,41,ST,IND,774,1,775,159579,140941
29,Kokrajhar West,RANJOY KR. BRAHMA,M,28,ST,IND,627,0,627,159579,140941
30,Kokrajhar East,PRAMILA RANI BRAHMA,F,65,ST,BOPF,76481,15,76496,165446,138229
30,Kokrajhar East,PRATIBHA BRAHMA,F,48,ST,IND,36401,4,36405,165446,138229
30,Kokrajhar East,MANU BORGAYARY,M,35,ST,AIUDF,12588,0,12588,165446,138229
30,Kokrajhar East,BASANTA KUMAR MEDHI,M,36,ST,IND,6993,1,6994,165446,138229
30,Kokrajhar East,None of the Above,,,,NOTA,2288,0,2288,165446,138229
30,Kokrajhar East,AJAY KUMAR NARZARY,M,53,ST,IND,1815,1,1816,165446,138229
30,Kokrajhar East,RAJESH NARZARY,M,42,ST,IND,1642,0,1642,165446,138229
31,Sidli ,CHANDAN BRAHMA,M,46,ST,BOPF,65851,186,66037,190029,157247
31,Sidli ,RWNGWRA NARZARY,M,46,ST,IND,56888,161,57049,190029,157247
31,Sidli ,DILIP KUMAR SARANIA,M,42,ST,IND,21589,12,21601,190029,157247
31,Sidli ,PANKAJ ISLARY,M,51,ST,AIUDF,8075,8,8083,190029,157247
31,Sidli ,None of the Above,,,,NOTA,2928,1,2929,190029,157247
31,Sidli ,PHALMARSTON BRAHMA,M,30,ST,IND,1548,0,1548,190029,157247
32,Bongaigaon,PHANI BHUSAN CHOUDHURY,M,64,GEN,AGP,77134,158,77292,159836,137947
32,Bongaigaon,SHANKAR PRASAD RAY,M,47,GEN,INC,45920,52,45972,159836,137947
32,Bongaigaon,DR. ITESH BORDOLOI,M,49,ST,IND,7078,9,7087,159836,137947
32,Bongaigaon,None of the Above,,,,NOTA,2371,5,2376,159836,137947
32,Bongaigaon,DHIRABATI CHOUDHURY,F,42,GEN,IND,1901,1,1902,159836,137947
32,Bongaigaon,PRABHAT BAISNAB,M,59,GEN,IND,1402,2,1404,159836,137947
32,Bongaigaon,FULBAR ALI MOLYA,M,40,GEN,IND,1099,0,1099,159836,137947
32,Bongaigaon,DEEPAK KUMAR DAS,M,32,GEN,IND,815,0,815,159836,137947
33,Bijni,KAMAL SHING NARZARY,M,58,ST,BOPF,29037,203,29240,134595,119362
33,Bijni,AJAY KUMAR RAY,M,29,SC,BGANP,27492,70,27562,134595,119362
33,Bijni,SANTOSH KHAKHLARY,M,65,ST,IND,19203,147,19350,134595,119362
33,Bijni,KAMALESWAR RAY,M,43,GEN,AIUDF,18175,22,18197,134595,119362
33,Bijni,KHALILUR RAHMAN,M,49,GEN,IND,12594,25,12619,134595,119362
33,Bijni,GAJENDRA BARMAN,M,53,GEN,CPM,5973,18,5991,134595,119362
33,Bijni,BISWAJIT RAY,M,42,GEN,INC,3849,12,3861,134595,119362
33,Bijni,None of the Above,,,,NOTA,1302,4,1306,134595,119362
33,Bijni,PHILIP MARANDI,M,35,GEN,JDP,1236,0,1236,134595,119362
34,Abhayapuri North,ABDUL HAI NAGORI,M,62,GEN,INC,48212,142,48354,152197,136687
34,Abhayapuri North,BHUPEN ROY,M,57,GEN,AGP,46120,91,46211,152197,136687
34,Abhayapuri North,ABDUL BATIN KHANDAKAR,M,48,GEN,AIUDF,32674,25,32699,152197,136687
34,Abhayapuri North,SWAPAN MUKHERJEE,M,57,GEN,IND,3967,1,3968,152197,136687
34,Abhayapuri North,TAREN CHANDRA RAY,M,64,GEN,CPM,3313,2,3315,152197,136687
34,Abhayapuri North,BHAGIRATH RAY,M,52,GEN,RPI(A),836,0,836,152197,136687
34,Abhayapuri North,None of the Above,,,,NOTA,803,0,803,152197,136687
34,Abhayapuri North,SAMSUL HOQUE,M,55,GEN,IND,501,0,501,152197,136687
35,Abhayapuri South (SC),ANANTA KUMAR MALO,M,60,SC,AIUDF,51518,7,51525,174863,158529
35,Abhayapuri South (SC),CHANDAN KUMAR SARKAR,M,59,SC,INC,51280,54,51334,174863,158529
35,Abhayapuri South (SC),RABIN BANIKYA,M,69,SC,AGP,50921,36,50957,174863,158529
35,Abhayapuri South (SC),NIRMALENDU BANIKYA,M,48,SC,IND,1601,1,1602,174863,158529
35,Abhayapuri South (SC),ASHOK DUTTA,M,45,SC,RPI(A),1304,0,1304,174863,158529
35,Abhayapuri South (SC),None of the Above,,,,NOTA,1113,0,1113,174863,158529
35,Abhayapuri South (SC),DHIREN MAJUMDAR,M,38,SC,JNCP,694,0,694,174863,158529
36,Dudhnai,DIPAK KUMAR RABHA,M,41,ST,BJP,79928,55,79983,182432,160054
36,Dudhnai,SIBCHARAN BASUMATARY,M,41,ST,INC,51294,22,51316,182432,160054
36,Dudhnai,MEERA BASUMATARY,F,36,ST,AIUDF,11301,4,11305,182432,160054
36,Dudhnai,KANGKAN KHAKHALARY,M,45,ST,IND,7275,3,7278,182432,160054
36,Dudhnai,DEBEN DAIMARY,M,56,ST,IND,2935,1,2936,182432,160054
36,Dudhnai,BHUPENDRA RABHA,M,64,ST,CPI,1567,0,1567,182432,160054
36,Dudhnai,THARMAN MOMIN,M,41,ST,IND,1413,0,1413,182432,160054
36,Dudhnai,RAJESWAR RABHA,M,33,ST,RPI(A),1210,0,1210,182432,160054
36,Dudhnai,None of the Above,,,,NOTA,1141,1,1142,182432,160054
36,Dudhnai,REXSTAR B. SANGMA,M,40,ST,IND,1054,0,1054,182432,160054
36,Dudhnai,STINDRO MARAK,M,59,ST,IND,850,0,850,182432,160054
37,Goalpara East,ABUL KALAM RASHEED ALAM,M,44,GEN,INC,57284,90,57374,189329,171207
37,Goalpara East,GAURANGA PRASAD DAS,M,61,GEN,BJP,54660,133,54793,189329,171207
37,Goalpara East,SHADEED MAZUMDER,M,60,GEN,AIUDF,27747,31,27778,189329,171207
37,Goalpara East,ABUL KALAM HUSSAIN,M,52,GEN,IND,12130,8,12138,189329,171207
37,Goalpara East,ELBARTH MARAK,M,53,ST,AITC,7166,6,7172,189329,171207
37,Goalpara East,PUNAM CHAND SHARMA (LILU),M,49,GEN,NPEP,6701,9,6710,189329,171207
37,Goalpara East,None of the Above,,,,NOTA,1062,2,1064,189329,171207
37,Goalpara East,KOFIL UDDIN AHMED,M,46,GEN,NCP,971,0,971,189329,171207
37,Goalpara East,BIRMAL RAY,M,50,GEN,IND,770,0,770,189329,171207
37,Goalpara East,SOLEMAN ALI,M,40,GEN,BHARP,592,0,592,189329,171207
37,Goalpara East,NAREN SANKAR RABHA,M,63,ST,IND,495,0,495,189329,171207
37,Goalpara East,MEHBUBAR RAHMAN,M,44,GEN,RPI(A),482,1,483,189329,171207
37,Goalpara East,MUJAHARUL ISLAM,M,25,GEN,IND,447,0,447,189329,171207
37,Goalpara East,ABDUL HAMID,M,57,GEN,SUCI,419,1,420,189329,171207
38,Goalpara West,ABDUR RASHID MANDAL,M,53,GEN,INC,60950,57,61007,149218,136264
38,Goalpara West,SHEIKH SHAH ALAM,M,45,GEN,AIUDF,36647,21,36668,149218,136264
38,Goalpara West,JABEEN BARBHUIYAN,F,56,GEN,BJP,32396,36,32432,149218,136264
38,Goalpara West,ANOWAR HUSSAIN,M,47,GEN,AGP,1154,0,1154,149218,136264
38,Goalpara West,MOHIBUL ISLAM,M,43,GEN,SUCI,1014,2,1016,149218,136264
38,Goalpara West,None of the Above,,,,NOTA,645,1,646,149218,136264
38,Goalpara West,ZESMINA KHATUN,F,28,GEN,AITC,582,0,582,149218,136264
38,Goalpara West,MIZANUR RAHMAN,M,66,GEN,IND,520,3,523,149218,136264
38,Goalpara West,KHANINDRA CHANDRA NATH,M,35,GEN,RPI(A),489,0,489,149218,136264
38,Goalpara West,BABLI GOSWAMI CHAKRABORTY,F,41,GEN,IND,479,1,480,149218,136264
38,Goalpara West,ALI AKBAR,M,30,GEN,JMBP,457,0,457,149218,136264
38,Goalpara West,JALI BEGUM,F,50,GEN,IND,288,1,289,149218,136264
38,Goalpara West,JOYNAL ABEDIN,M,34,GEN,NPEP,269,0,269,149218,136264
38,Goalpara West,GIAS UDDIN AHMED,M,34,GEN,AICP,252,0,252,149218,136264
39,Jaleswar,SAHAB UDDIN AHMED,M,56,GEN,AIUDF,55976,27,56003,137108,128312
39,Jaleswar,AFTAB UDDIN MOLLAH,M,49,GEN,IND,49304,37,49341,137108,128312
39,Jaleswar,ABDUR RAHIM ZIBRAN,M,32,GEN,BJP,11528,7,11535,137108,128312
39,Jaleswar,ABUL FAZAL NASIR UDDIN MOLLAH,M,38,GEN,INC,6548,19,6567,137108,128312
39,Jaleswar,ABDUL WAHAB SHEIKH,M,25,GEN,BHARP,1433,0,1433,137108,128312
39,Jaleswar,KHAIRUL ISLAM MONDAL,M,58,GEN,IND,1355,0,1355,137108,128312
39,Jaleswar,ABDUS SALAM,M,34,GEN,SUCI,760,1,761,137108,128312
39,Jaleswar,INNAS ALI,M,40,GEN,IND,690,0,690,137108,128312
39,Jaleswar,None of the Above,,,,NOTA,627,0,627,137108,128312
40,Sorbhog,RANJEET KUMAR DASS,M,50,GEN,BJP,56412,42,56454,196558,169347
40,Sorbhog,ANURUPA HANNAN,F,47,GEN,INC,36915,13,36928,196558,169347
40,Sorbhog,MANORANJAN TALUKDAR,M,62,GEN,CPM,29026,56,29082,196558,169347
40,Sorbhog,PRADIP DEB NATH,M,36,GEN,IND,19383,4,19387,196558,169347
40,Sorbhog,SAMSUL HOQUE,M,65,GEN,AIUDF,17502,2,17504,196558,169347
40,Sorbhog,ANILANANDA PATHAK,M,61,GEN,IND,3754,1,3755,196558,169347
40,Sorbhog,HIMANGSHU BHARALI,M,40,GEN,IND,1180,1,1181,196558,169347
40,Sorbhog,None of the Above,,,,NOTA,1128,1,1129,196558,169347
40,Sorbhog,MOHIDUL ISLAM,M,36,GEN,IND,1010,0,1010,196558,169347
40,Sorbhog,NIRMAL KUMAR AGARWALA,M,59,GEN,IND,629,1,630,196558,169347
40,Sorbhog,IKBAL HUSSAIN,M,36,GEN,TNRMPI,602,0,602,196558,169347
40,Sorbhog,MANJU SHABNAM,F,31,GEN,RPI(A),466,0,466,196558,169347
40,Sorbhog,MUKTAR HUSSAIN,M,35,GEN,JNCP,435,0,435,196558,169347
40,Sorbhog,SUBAL CH. DAS,M,38,GEN,BGANP,414,0,414,196558,169347
40,Sorbhog,ABDUL HAKIM AHMED,M,51,GEN,IND,370,0,370,196558,169347
41,Bhabanipur,ABUL KALAM AZAD,M,51,GEN,AIUDF,28356,27,28383,127763,110280
41,Bhabanipur,PHANIHDAR TALUKDAR,M,49,GEN,IND,25837,107,25944,127763,110280
41,Bhabanipur,MANOJ BARUAH,M,43,GEN,BJP,22313,67,22380,127763,110280
41,Bhabanipur,MILAN BARO,M,59,ST,IND,14474,26,14500,127763,110280
41,Bhabanipur,KANAK CHANDRA BARO,M,54,ST,IND,8747,1,8748,127763,110280
41,Bhabanipur,RAJIB DAS,M,44,GEN,INC,6588,32,6620,127763,110280
41,Bhabanipur,KAZI SHAMSUL ARFIN,M,41,GEN,RSSC,921,0,921,127763,110280
41,Bhabanipur,None of the Above,,,,NOTA,703,3,706,127763,110280
41,Bhabanipur,BHUPENDRA KALITA,M,51,GEN,IND,511,0,511,127763,110280
41,Bhabanipur,SATYACHARAN ARJYA,M,40,SC,RPI(A),447,0,447,127763,110280
41,Bhabanipur,ANOWAR ISLAM AKAND,M,27,GEN,RAJPA,401,0,401,127763,110280
41,Bhabanipur,HAIDAR ALI,M,41,GEN,IND,378,0,378,127763,110280
41,Bhabanipur,MESER MOLLAH,M,28,GEN,IND,341,0,341,127763,110280
42,Patacharkuchi,PABINDRA DEKA,M,65,GEN,AGP,64311,247,64558,129785,104592
42,Patacharkuchi,SAILEN KALITA,M,33,GEN,INC,12544,38,12582,129785,104592
42,Patacharkuchi,KAMALESWAR MEDHI,M,59,GEN,IND,12283,23,12306,129785,104592
42,Patacharkuchi,MANORANJAN DAS,M,69,GEN,IND,8213,14,8227,129785,104592
42,Patacharkuchi,KARTIK DEKA,M,43,GEN,IND,3120,14,3134,129785,104592
42,Patacharkuchi,None of the Above,,,,NOTA,1042,1,1043,129785,104592
42,Patacharkuchi,BAIKUNTHA SARMA,M,50,GEN,IND,960,0,960,129785,104592
42,Patacharkuchi,PUSPAK DUTTA,M,40,GEN,IND,936,0,936,129785,104592
42,Patacharkuchi,NILIMA BHATTACHARJYA,F,57,GEN,IND,846,0,846,129785,104592
43,Barpeta,GUNINDRA NATH DAS,M,55,GEN,AGP,63436,127,63563,181385,163152
43,Barpeta,A.RAHIM AHMED,M,32,GEN,INC,57598,155,57753,181385,163152
43,Barpeta,ABDUR RAHIM KHAN,M,47,GEN,AIUDF,37646,51,37697,181385,163152
43,Barpeta,None of the Above,,,,NOTA,937,0,937,181385,163152
43,Barpeta,SANJAY KR. DAS,M,41,GEN,IND,936,0,936,181385,163152
43,Barpeta,ATIKUR RAHMAN,M,33,GEN,RPI,820,0,820,181385,163152
43,Barpeta,FARUK KHAN,M,39,GEN,IND,774,0,774,181385,163152
43,Barpeta,SORHAB HUSSAIN,M,60,GEN,IND,672,0,672,181385,163152
44,Jania,ABDUL KHALEQUE,M,41,GEN,INC,86728,202,86930,173735,154131
44,Jania,RAFIQUL ISLAM,M,41,GEN,AIUDF,57145,49,57194,173735,154131
44,Jania,BENAZIR ARFAN,F,30,GEN,BJP,6055,12,6067,173735,154131
44,Jania,MAINUL HOQUE,M,66,GEN,CPM,1970,6,1976,173735,154131
44,Jania,AMIR HUSSAIN,M,44,GEN,RSSC,769,0,769,173735,154131
44,Jania,None of the Above,,,,NOTA,689,0,689,173735,154131
44,Jania,MD. SULTAN MAHMUD,M,38,GEN,RAJPA,505,1,506,173735,154131
45,Baghbar,SHERMAN ALI AHMED,M,49,GEN,INC,73210,130,73340,144982,127374
45,Baghbar,SHEIKH ABDUL HAMID,M,58,GEN,AIUDF,29885,22,29907,144982,127374
45,Baghbar,RAJIB AHMED,M,51,GEN,IND,18340,17,18357,144982,127374
45,Baghbar,ABDUL BARIK,M,31,GEN,BJP,1416,2,1418,144982,127374
45,Baghbar,ALTAF HUSSAIN,M,40,GEN,JCPB,1022,0,1022,144982,127374
45,Baghbar,None of the Above,,,,NOTA,974,0,974,144982,127374
45,Baghbar,JAMAL UDDIN,M,46,GEN,BHARP,868,0,868,144982,127374
45,Baghbar,JAHIDUL ISLAM,M,33,GEN,IND,642,0,642,144982,127374
45,Baghbar,REJAUL KARIM,M,32,GEN,RPI,435,0,435,144982,127374
45,Baghbar,ALI ASGAR,M,63,GEN,AITC,411,0,411,144982,127374
46,Sarukhetri,JAKIR HUSSAIN SIKDAR,M,35,GEN,INC,69941,121,70062,175332,155492
46,Sarukhetri,CHITTARANJAN BARMAN,M,40,GEN,AGP,45785,30,45815,175332,155492
46,Sarukhetri,ALI HOSSAIN,M,53,GEN,AIUDF,21451,9,21460,175332,155492
46,Sarukhetri,TARA PRASAD DAS,M,65,GEN,IND,9598,25,9623,175332,155492
46,Sarukhetri,PEARUL ISLAM AHMED,M,44,GEN,CPM,3615,11,3626,175332,155492
46,Sarukhetri,HARESWAR DEKA,M,44,GEN,IND,1308,0,1308,175332,155492
46,Sarukhetri,MATIAR RAHMAN,M,33,GEN,TNRMPI,836,0,836,175332,155492
46,Sarukhetri,None of the Above,,,,NOTA,776,0,776,175332,155492
46,Sarukhetri,HEMANTA KALITA,M,30,GEN,BGANP,522,1,523,175332,155492
46,Sarukhetri,ANOWAR ISLAM AKAND,M,27,GEN,RAJPA,516,0,516,175332,155492
46,Sarukhetri,JABIDUR RAHMAN KHAN,M,41,GEN,RPI,505,0,505,175332,155492
46,Sarukhetri,ARUN DAS,M,44,GEN,NCP,442,0,442,175332,155492
47,Chenga,SUKUR ALI AHMED,M,57,GEN,INC,51811,71,51882,122662,109805
47,Chenga,MONOWARA KHATUN,F,44,GEN,AIUDF,28488,37,28525,122662,109805
47,Chenga,GUNAJIT ADHIKARY,M,47,GEN,BJP,25861,41,25902,122662,109805
47,Chenga,SHAFIKUL HOQUE,M,37,GEN,AITC,2190,0,2190,122662,109805
47,Chenga,None of the Above,,,,NOTA,667,0,667,122662,109805
47,Chenga,SURJYA MALLIQUE,M,51,GEN,IND,639,0,639,122662,109805
48,Boko SC,NANDITA DAS,F,46,SC,INC,69893,93,69986,198190,176485
48,Boko SC,JYOTI PRASAD DAS,M,54,SC,AGP,52293,99,52392,198190,176485
48,Boko SC,GOPI NATH DAS,M,55,SC,AIUDF,42249,89,42338,198190,176485
48,Boko SC,DR. GHANASHYAM DAS,M,58,SC,IND,5788,6,5794,198190,176485
48,Boko SC,ANIRBAN DAS,M,43,SC,IND,2974,2,2976,198190,176485
48,Boko SC,None of the Above,,,,NOTA,1848,3,1851,198190,176485
48,Boko SC,NITISH RANJAN DAS,M,44,SC,IND,1147,1,1148,198190,176485
49,Chaygaon,REKIBUDDIN AHMED,M,42,GEN,INC,72073,138,72211,160287,145411
49,Chaygaon,DR. KAMALA KANTA KALITA,M,58,GEN,AGP,64216,174,64390,160287,145411
49,Chaygaon,DERAJUDDIN AHMED,M,52,GEN,AIUDF,4982,2,4984,160287,145411
49,Chaygaon,BECKNIUR K. MARAK,M,62,ST,IND,2225,0,2225,160287,145411
49,Chaygaon,None of the Above,,,,NOTA,1601,0,1601,160287,145411
50,Palasbari,PRANAB KALITA,M,55,GEN,BJP,75130,80,75210,138097,121435
50,Palasbari,NABAJYOTI TALUKDAR,M,47,GEN,INC,26438,30,26468,138097,121435
50,Palasbari,JATIN MALI,M,59,GEN,IND,15664,91,15755,138097,121435
50,Palasbari,None of the Above,,,,NOTA,1562,2,1564,138097,121435
50,Palasbari,KUSHAL CHANDRA SARMA,M,50,GEN,IND,991,0,991,138097,121435
50,Palasbari,JURI MALI,F,34,SC,LDP,980,0,980,138097,121435
50,Palasbari,PALASH JYOTI DAS,M,29,SC,RAJPA,467,0,467,138097,121435
51,Jalukbari,HIMANTA BISWA SARMA,M,47,GEN,BJP,118269,121,118390,181941,154506
51,Jalukbari,NIREN DEKA,M,41,GEN,INC,32436,19,32455,181941,154506
51,Jalukbari,None of the Above,,,,NOTA,1073,1,1074,181941,154506
51,Jalukbari,RAMEN CHANDRA LAHKAR,M,42,GEN,IND,636,0,636,181941,154506
51,Jalukbari,AMIT BASFOR,M,34,SC,RAJPA,614,0,614,181941,154506
51,Jalukbari,SADEK ALI,M,45,GEN,AITC,371,0,371,181941,154506
51,Jalukbari,NABA KUMAR NATH,M,44,GEN,IND,290,0,290,181941,154506
51,Jalukbari,BAPI AICH,F,44,GEN,BGANP,180,0,180,181941,154506
51,Jalukbari,MOINUL HOQUE,M,37,GEN,BHARP,168,0,168,181941,154506
51,Jalukbari,MAKANI BARMAN,F,45,GEN,RPP,164,0,164,181941,154506
51,Jalukbari,NATHUNI  DAS,M,55,SC,RPI(A),164,0,164,181941,154506
52,Dispur ,ATUL BORA,M,65,GEN,BJP,198210,168,198378,357638,278869
52,Dispur ,AKON BORA,M,63,GEN,INC,68151,30,68181,357638,278869
52,Dispur ,None of the Above,,,,NOTA,2598,2,2600,357638,278869
52,Dispur ,SANGITA DAS,F,26,GEN,CPM,1941,3,1944,357638,278869
52,Dispur ,HARESWAR RAHANG,M,50,ST,IND,1756,0,1756,357638,278869
52,Dispur ,PRADIP BARUAH,M,52,GEN,NCP,1259,0,1259,357638,278869
52,Dispur ,BIDYUT BORA,M,47,GEN,AITC,1020,2,1022,357638,278869
52,Dispur ,DADHISWAR PHANGCHO,M,30,ST,IND,717,0,717,357638,278869
52,Dispur ,BISHNU PRASAD SARMA,M,42,GEN,IND,614,0,614,357638,278869
52,Dispur ,GOBINDA DAS,M,41,ST,IND,551,0,551,357638,278869
52,Dispur ,RIJUMONI GOGOI,F,43,GEN,BHARP,485,0,485,357638,278869
52,Dispur ,DR. JITENDRA KUMAR TALUKDAR,M,61,GEN,LDP,419,1,420,357638,278869
52,Dispur ,DR. FARUK AHMED BHUYAN,M,37,GEN,SP,384,0,384,357638,278869
52,Dispur ,BANDANA BARMAN BARUAH,F,32,GEN,RAJPA,336,0,336,357638,278869
52,Dispur ,PARAG KOCH,M,48,GEN,RPI(A),222,0,222,357638,278869
53,Gauhati East,SIDDHARTHA BHATTACHARYA,M,55,GEN,BJP,127470,132,127602,216521,162579
53,Gauhati East,BOBBEETA SHARMA,F,48,GEN,INC,30932,33,30965,216521,162579
53,Gauhati East,None of the Above,,,,NOTA,1285,3,1288,216521,162579
53,Gauhati East,DR. AVIJIT CHAKRABORTY,M,46,GEN,BGANP,591,0,591,216521,162579
53,Gauhati East,PRODYUT KUMAR BORA,M,42,GEN,LDP,498,1,499,216521,162579
53,Gauhati East,RAKTIMAVA SWAMI,M,52,GEN,IND,377,0,377,216521,162579
53,Gauhati East,BIPUL KUMAR TALUKDAR,M,42,GEN,IND,243,0,243,216521,162579
53,Gauhati East,BHUPEN SARMA,M,49,GEN,IND,196,0,196,216521,162579
53,Gauhati East,PRADIP KUMAR DAS,M,52,GEN,RSSC,189,0,189,216521,162579
53,Gauhati East,SUBHASH CHANDRA GUPTA,M,39,GEN,TNRMPI,182,0,182,216521,162579
53,Gauhati East,KAZI NEKIB AHMED,M,58,GEN,IND,181,0,181,216521,162579
53,Gauhati East,PRANAB JYOTI DAS,M,51,SC,RPI(A),137,0,137,216521,162579
53,Gauhati East,BANDANA BARMAN BARUAH,F,32,GEN,RAJPA,129,0,129,216521,162579
54,Gauhati West,RAMENDRA NARAYAN KALITA,M,57,GEN,AGP,131980,204,132184,254391,206325
54,Gauhati West,DR. JURY SHARMA BORDOLOI,F,39,GEN,INC,42246,28,42274,254391,206325
54,Gauhati West,HEMANTA TALUKDAR,M,67,GEN,IND,12388,9,12397,254391,206325
54,Gauhati West,PRANAB SARMAH,M,48,GEN,IND,5837,1,5838,254391,206325
54,Gauhati West,DEBA KUMAR BARMAN,M,44,GEN,AITC,4269,0,4269,254391,206325
54,Gauhati West,None of the Above,,,,NOTA,2283,2,2285,254391,206325
54,Gauhati West,JAYANTA BORO,M,52,ST,IND,1769,2,1771,254391,206325
54,Gauhati West,JAVED HUSSAIN TANWAR,M,29,GEN,TNRMPI,1741,0,1741,254391,206325
54,Gauhati West,IFTAZUR RAHMAN,M,42,GEN,IND,763,0,763,254391,206325
54,Gauhati West,SUBIMAL BISWAS,M,70,GEN,BGANP,684,0,684,254391,206325
54,Gauhati West,MITAN SARKAR,M,33,GEN,LJP,613,0,613,254391,206325
54,Gauhati West,PULAK RANJAN CHAKRABARTY,M,35,GEN,SHS,612,0,612,254391,206325
54,Gauhati West,HASNUR ALI,M,37,GEN,RPP,496,0,496,254391,206325
54,Gauhati West,MANAS PRATIM DAS,M,30,SC,RAJPA,397,1,398,254391,206325
55,Hajo,SUMAN HARIPRIYA,F,47,GEN,BJP,54995,101,55096,154525,135168
55,Hajo,DULU AHMED,M,41,GEN,INC,46113,75,46188,154525,135168
55,Hajo,NURUL HUSSAIN,M,55,GEN,AGP,16551,57,16608,154525,135168
55,Hajo,DWIPEN PATHAK,M,53,GEN,AITC,6667,6,6673,154525,135168
55,Hajo,MUJIBUR RAHMAN,M,43,GEN,AIUDF,3565,2,3567,154525,135168
55,Hajo,HEMANTA KALITA,M,34,GEN,IND,1380,0,1380,154525,135168
55,Hajo,None of the Above,,,,NOTA,1163,0,1163,154525,135168
55,Hajo,RAMANI MALAKAR,M,67,SC,IND,1016,1,1017,154525,135168
55,Hajo,IMDADUR RAHMAN,M,36,GEN,NPEP,696,0,696,154525,135168
55,Hajo,RAMEN CHANDRA LAHKAR,M,50,GEN,IND,556,0,556,154525,135168
55,Hajo,TRIPTI KANA MAJUMDAR CHOUDHURY,F,52,GEN,IND,499,2,501,154525,135168
55,Hajo,TAHER ALI TALUKDAR,M,35,GEN,IND,369,0,369,154525,135168
55,Hajo,REKIBUDDIN AHMED,M,40,GEN,SP,338,0,338,154525,135168
55,Hajo,MAKANI BARMAN,F,45,GEN,RPP,301,0,301,154525,135168
55,Hajo,MOHAN CHANDRA MALAKAR,M,67,SC,LDP,261,0,261,154525,135168
55,Hajo,TABIBAR RAHMAN,M,33,GEN,RSSC,240,0,240,154525,135168
55,Hajo,TAIZUDDIN AHMED,M,55,GEN,IND,214,0,214,154525,135168
56,Kamalpur,SATYABRAT KALITA,M,50,GEN,AGP,78086,84,78170,158049,135470
56,Kamalpur,PRANJIT CHOUDHURY,M,39,GEN,INC,41238,23,41261,158049,135470
56,Kamalpur,MATLEBUDDIN AHMED,M,45,GEN,IND,6881,1,6882,158049,135470
56,Kamalpur,OMAR RASHID,M,47,GEN,IND,3400,0,3400,158049,135470
56,Kamalpur,MADHABI DEKA,F,53,GEN,AITC,1840,0,1840,158049,135470
56,Kamalpur,HARMOHAN CHANDRA RAJBONGSHI,M,47,GEN,IND,1021,0,1021,158049,135470
56,Kamalpur,None of the Above,,,,NOTA,939,0,939,158049,135470
56,Kamalpur,RAMEN CHANDRA MAHANTA,M,42,GEN,JMBP,650,0,650,158049,135470
56,Kamalpur,SAIDUR RAHMAN,M,48,GEN,IND,505,0,505,158049,135470
56,Kamalpur,REKIBAR RAHMAN,M,28,GEN,IND,441,0,441,158049,135470
56,Kamalpur,SISIR KUMAR  KAKATI,M,54,GEN,SUCI,361,0,361,158049,135470
57,Rangia,BHABESH KALITA,M,44,GEN,BJP,58294,59,58353,169666,143287
57,Rangia,GHANASHYAM KALITA,M,63,GEN,INC,26271,15,26286,169666,143287
57,Rangia,MRINAL DEKA,M,43,GEN,IND,17766,6,17772,169666,143287
57,Rangia,ABDUL SAMAD CHOUDHURY,M,29,GEN,AIUDF,14407,4,14411,169666,143287
57,Rangia,ANANTA DEKA,M,58,GEN,CPM,12248,13,12261,169666,143287
57,Rangia,THANESWAR BORO,M,75,ST,IND,5348,10,5358,169666,143287
57,Rangia,SAMSUL HAQUE,M,39,GEN,IND,4470,2,4472,169666,143287
57,Rangia,PABITRA BARO,M,42,ST,IND,1230,0,1230,169666,143287
57,Rangia,RAJIB KAKOTI,M,44,GEN,IND,1065,1,1066,169666,143287
57,Rangia,None of the Above,,,,NOTA,892,0,892,169666,143287
57,Rangia,BISWAJIT BRAHMA,M,36,ST,IND,616,0,616,169666,143287
57,Rangia,BABUL BARO,M,41,ST,IND,568,2,570,169666,143287
58,Tamulpur,EMMANUEL MOSAHARY,M,52,ST,BOPF,62928,103,63031,177932,147039
58,Tamulpur,RABINDRA BISWAS,M,39,SC,INC,43065,19,43084,177932,147039
58,Tamulpur,CHANDI BASUMATARY,M,45,ST,IND,21674,30,21704,177932,147039
58,Tamulpur,JAMIR UDDIN AHMED,M,51,GEN,IND,5328,3,5331,177932,147039
58,Tamulpur,GIRISH CHANDRA MAHANTA,M,65,GEN,IND,3527,5,3532,177932,147039
58,Tamulpur,MANDAL BASKEY,M,59,GEN,IND,3120,0,3120,177932,147039
58,Tamulpur,None of the Above,,,,NOTA,2674,0,2674,177932,147039
58,Tamulpur,HIRANYA CHOUDHURY,M,50,GEN,IND,1695,2,1697,177932,147039
58,Tamulpur,DERHAGRA MOCHAHARY,M,66,ST,LDP,1527,0,1527,177932,147039
58,Tamulpur,RANJIT KR BISWAS,M,43,SC,RPI(A),1339,0,1339,177932,147039
59,Nalbari,ASHOK SARMA,M,51,GEN,BJP,98867,264,99131,181219,157535
59,Nalbari,PRADYUT KUMAR BHUYAN,M,45,GEN,INC,46019,68,46087,181219,157535
59,Nalbari,KHURSHID ALAM,M,55,GEN,IND,3607,1,3608,181219,157535
59,Nalbari,SHRISTI SARMA,F,36,GEN,IND,3024,4,3028,181219,157535
59,Nalbari,MAHESWAR DUTTA,M,62,GEN,CPM,1672,4,1676,181219,157535
59,Nalbari,None of the Above,,,,NOTA,1574,2,1576,181219,157535
59,Nalbari,HARINARAYAN DAS,M,51,GEN,IND,698,0,698,181219,157535
59,Nalbari,JYOTIRMAY GOSWAMI,M,39,GEN,IND,611,0,611,181219,157535
59,Nalbari,MAHARISHI PARASAR CHAKRAVARTY,M,25,GEN,IND,398,0,398,181219,157535
59,Nalbari,GOPI BARUAH,M,52,GEN,IND,271,0,271,181219,157535
59,Nalbari,JITEN KALITA,M,43,GEN,JD(U),229,0,229,181219,157535
59,Nalbari,MUNINDRA DOLEY,M,34,ST,SUCI,222,0,222,181219,157535
60,Barkhetry,NARAYAN DEKA,M,48,GEN,BJP,69035,188,69223,165182,146803
60,Barkhetry,DIGANTA BARMAN,M,52,GEN,INC,60504,106,60610,165182,146803
60,Barkhetry,MD. AKRAM HUSSAIN TALUKDAR,M,59,GEN,AIUDF,9949,1,9950,165182,146803
60,Barkhetry,KAMALESH DEKA,M,68,GEN,IND,2314,2,2316,165182,146803
60,Barkhetry,RAAJU BARMAN,M,26,GEN,AITC,874,0,874,165182,146803
60,Barkhetry,None of the Above,,,,NOTA,781,1,782,165182,146803
60,Barkhetry,DEEPAK KALITA,M,42,GEN,JMBP,670,0,670,165182,146803
60,Barkhetry,BHUPEN TALUKDAR,M,43,GEN,IND,551,0,551,165182,146803
60,Barkhetry,MANOMATI DAS,F,39,SC,IND,475,0,475,165182,146803
60,Barkhetry,BIPUL GOSWAMI,M,46,GEN,IND,382,0,382,165182,146803
60,Barkhetry,MANTU BARUAH,M,63,GEN,IND,368,0,368,165182,146803
60,Barkhetry,RAJU DEKA,M,44,GEN,IND,347,0,347,165182,146803
60,Barkhetry,BHUMIDHAR BARMAN,M,42,GEN,LDP,255,0,255,165182,146803
61,Dharmapur,CHANDRA MOHAN PATOWARY,M,58,GEN,BJP,70198,305,70503,130098,110944
61,Dharmapur,NILAMANI SEN DEKA,M,62,GEN,INC,36471,89,36560,130098,110944
61,Dharmapur,DIPAK BARMAN,M,48,GEN,IND,2187,7,2194,130098,110944
61,Dharmapur,None of the Above,,,,NOTA,984,4,988,130098,110944
61,Dharmapur,SANKAR TALUKDAR,M,30,GEN,RAJPA,699,0,699,130098,110944
62,Barama,MANESWAR BRAHMA,M,44,ST,BOPF,45165,124,45289,145645,119486
62,Barama,REKHA RANI DAS BORO,F,55,ST,IND,35371,122,35493,145645,119486
62,Barama,KATI RAM BARO,M,45,ST,IND,20790,80,20870,145645,119486
62,Barama,PANI RAM RABHA,M,56,ST,INC,14353,20,14373,145645,119486
62,Barama,None of the Above,,,,NOTA,1977,0,1977,145645,119486
62,Barama,BHUPEN DAS,M,61,ST,IND,1484,0,1484,145645,119486
63,Chapaguri,THANESWAR BASUMATARY,M,49,ST,BOPF,43113,137,43250,137677,114419
63,Chapaguri,SUJAN DAS,M,41,ST,IND,41697,72,41769,137677,114419
63,Chapaguri,HITESH BASUMATARY,M,45,ST,IND,27280,62,27342,137677,114419
63,Chapaguri,None of the Above,,,,NOTA,2058,0,2058,137677,114419
64,Panery,KAMALI BASUMATARI,F,58,ST,BOPF,38627,41,38668,132355,107613
64,Panery,NANDA RAM BARO,M,46,ST,IND,22829,37,22866,132355,107613
64,Panery,DURGADAS BORO,M,58,ST,INC,19051,38,19089,132355,107613
64,Panery,PRABHAT DAS PANIKA,M,35,GEN,IND,12806,6,12812,132355,107613
64,Panery,SUDHENDU MOHAN TALUKDAR,M,40,GEN,IND,3643,1,3644,132355,107613
64,Panery,BIKAN CHANDRA DEKA,M,52,GEN,IND,3271,5,3276,132355,107613
64,Panery,None of the Above,,,,NOTA,2426,1,2427,132355,107613
64,Panery,MAHESH CHANDRA SARMA,M,57,GEN,IND,1977,1,1978,132355,107613
64,Panery,DINA NATH DAS,M,71,GEN,IND,1486,3,1489,132355,107613
64,Panery,SWARNALATA CHALIHA,F,40,GEN,SUCI,1363,1,1364,132355,107613
65,Kalaigaon,MAHESWAR BARO,M,48,ST,BOPF,47100,106,47206,154839,132816
65,Kalaigaon,NATHU RAM BORO,M,45,ST,AIUDF,29567,18,29585,154839,132816
65,Kalaigaon,MUKUNDA RAM CHOUDHURY,M,67,GEN,AGP,24199,88,24287,154839,132816
65,Kalaigaon,BABUL BASUMATARY,M,38,ST,IND,11326,18,11344,154839,132816
65,Kalaigaon,INDRAJIT KUMAR SAIKIA,M,37,GEN,INC,10324,43,10367,154839,132816
65,Kalaigaon,SUDHENDU MOHAN TALUKDAR,M,40,GEN,BGANP,2236,2,2238,154839,132816
65,Kalaigaon,BRAJEN MAHANTA,M,62,GEN,IND,1411,0,1411,154839,132816
65,Kalaigaon,None of the Above,,,,NOTA,1198,1,1199,154839,132816
65,Kalaigaon,RADHE SHYAM CHAUHAN,M,47,GEN,IND,1137,3,1140,154839,132816
65,Kalaigaon,BIJOY DAS,M,26,SC,IND,783,0,783,154839,132816
65,Kalaigaon,AROON BAROOA,M,60,GEN,AICP,708,0,708,154839,132816
65,Kalaigaon,DR. NAYAN MANI BHAGAWATI,M,27,GEN,IND,633,1,634,154839,132816
65,Kalaigaon,SUSHIL KUMAR SARMA,M,52,GEN,LJP,594,0,594,154839,132816
65,Kalaigaon,JITENDRA CHALIHA,M,46,GEN,SUCI,531,0,531,154839,132816
65,Kalaigaon,GOPAL SARKAR,M,35,GEN,IND,484,0,484,154839,132816
65,Kalaigaon,ABDUL SABUR,M,47,GEN,IND,305,0,305,154839,132816
66,Sipajhar,BINANDA KUMAR SAIKIA,M,51,GEN,BJP,65184,303,65487,158541,136755
66,Sipajhar,DR ZOII NATH SARMAH,M,60,GEN,INC,53080,232,53312,158541,136755
66,Sipajhar,JAYANTA SAHARIA,M,42,GEN,IND,10804,14,10818,158541,136755
66,Sipajhar,SYED ABDULLAH,M,36,GEN,AIUDF,2471,5,2476,158541,136755
66,Sipajhar,TRIDIB SARMA,M,51,GEN,RPI(A),1033,0,1033,158541,136755
66,Sipajhar,None of the Above,,,,NOTA,951,2,953,158541,136755
66,Sipajhar,REJAUL HOQUE,M,33,GEN,IND,792,1,793,158541,136755
66,Sipajhar,SARAT CHANDRA SARMA,M,61,GEN,IND,780,0,780,158541,136755
66,Sipajhar,THANESWAR DAS,M,61,GEN,LJP,351,0,351,158541,136755
66,Sipajhar,UMESH BANIA,M,63,SC,IND,338,1,339,158541,136755
66,Sipajhar,PAHESWARI BARUA,F,41,GEN,SUCI,242,0,242,158541,136755
66,Sipajhar,AMIYA KUMAR DEKA,M,41,GEN,IND,170,1,171,158541,136755
67,Mangaldoi,GURUJYOTI DAS,M,37,SC,BJP,73075,348,73423,200301,177736
67,Mangaldoi,BASANTA DAS,M,45,SC,INC,51219,159,51378,200301,177736
67,Mangaldoi,HIREN KR DAS,M,54,SC,AIUDF,48376,41,48417,200301,177736
67,Mangaldoi,None of the Above,,,,NOTA,1383,1,1384,200301,177736
67,Mangaldoi,JITENDRA SARKAR,M,27,SC,IND,953,0,953,200301,177736
67,Mangaldoi,BHUPEN CH. DAS,M,59,SC,LJP,874,0,874,200301,177736
67,Mangaldoi,ARJUN CH. DAS,M,55,SC,IND,840,1,841,200301,177736
67,Mangaldoi,JAGADISH CHANDRA SARKAR,M,39,SC,IND,465,1,466,200301,177736
68,Dalgaon,ILIAS ALI,M,56,GEN,INC,76490,117,76607,197112,180322
68,Dalgaon,MAZIBUR RAHMAN,M,41,GEN,AIUDF,74219,68,74287,197112,180322
68,Dalgaon,HABIBAR RAHMAN,M,56,GEN,AGP,24698,16,24714,197112,180322
68,Dalgaon,None of the Above,,,,NOTA,1165,0,1165,197112,180322
68,Dalgaon,SARIFUDDIN AHMED,M,50,GEN,IND,1016,0,1016,197112,180322
68,Dalgaon,ABDUR RAHIM,M,31,GEN,IND,925,1,926,197112,180322
68,Dalgaon,MUSTAFA FAROOK AHMED,M,36,GEN,IND,900,0,900,197112,180322
68,Dalgaon,AHMED ALI,M,56,GEN,LJP,707,0,707,197112,180322
69,Udalguri,RIHON DAIMARI,M,54,ST,BOPF,44971,66,45037,133987,109995
69,Udalguri,ANJALI PRABHA DAIMARI,F,51,ST,IND,20634,29,20663,133987,109995
69,Udalguri,DILIP KR. BARO,M,51,ST,IND,19994,210,20204,133987,109995
69,Udalguri,JAMAN SINGH BRAHMA,M,64,ST,INC,16320,23,16343,133987,109995
69,Udalguri,BIPUL NARZARY,M,38,ST,IND,3623,1,3624,133987,109995
69,Udalguri,None of the Above,,,,NOTA,2456,0,2456,133987,109995
69,Udalguri,SANTOSH MADAHI,M,27,ST,IND,1666,2,1668,133987,109995
70,Majbat,CHARAN BORO,M,36,ST,BOPF,48349,2,48351,132662,112032
70,Majbat,TEHARU GOUR,M,31,GEN,AIUDF,22132,1,22133,132662,112032
70,Majbat,RAPHAEL KUJUR,M,42,GEN,INC,20574,3,20577,132662,112032
70,Majbat,RABINDRA BASUMATARY,M,51,ST,IND,8763,0,8763,132662,112032
70,Majbat,SAPNA DAIMARY,F,41,ST,IND,2841,0,2841,132662,112032
70,Majbat,GIRISH CHANDRA CHOUDHURY,M,62,GEN,IND,2117,0,2117,132662,112032
70,Majbat,None of the Above,,,,NOTA,1974,0,1974,132662,112032
70,Majbat,SUNIL SARKAR,M,56,SC,IND,1906,0,1906,132662,112032
70,Majbat,BALDEV CHOUHAN,M,43,GEN,LJP,1276,0,1276,132662,112032
70,Majbat,LAL SOREN,M,42,GEN,IND,1007,0,1007,132662,112032
70,Majbat,MANOJ KUMAR TAMULI,M,43,GEN,IND,707,0,707,132662,112032
70,Majbat,ABUL QUASIM,M,53,GEN,IND,380,0,380,132662,112032
71,Dhekiajuli,ASHOK  SINGHAL,M,48,GEN,BJP,71373,52,71425,175901,144080
71,Dhekiajuli,HABUL CHAKRABORTY,M,52,GEN,INC,36410,20,36430,175901,144080
71,Dhekiajuli,DHANIRAM RAJOWAR,M,42,GEN,AIUDF,16689,1,16690,175901,144080
71,Dhekiajuli,BENUDHAR NATH,M,47,GEN,IND,8129,13,8142,175901,144080
71,Dhekiajuli,RANJAY BASUMATARY,M,55,ST,IND,2972,0,2972,175901,144080
71,Dhekiajuli,None of the Above,,,,NOTA,2368,0,2368,175901,144080
71,Dhekiajuli,JAHIRUL ISLAM,M,33,GEN,IND,2164,0,2164,175901,144080
71,Dhekiajuli,SATRUGHNA SASONI,M,36,GEN,IND,1603,0,1603,175901,144080
71,Dhekiajuli,MOHAN CH NAG,M,56,GEN,IND,1159,0,1159,175901,144080
71,Dhekiajuli,MANORANJAN DAIMARI,M,32,ST,IND,1127,0,1127,175901,144080
72,Barchalla,GANESH KUMAR LIMBU,M,44,GEN,BJP,53873,39,53912,144222,119804
72,Barchalla,TANKA BAHADUR RAI,M,65,GEN,INC,30207,23,30230,144222,119804
72,Barchalla,BINA DAIMARI,F,43,ST,AIUDF,23820,1,23821,144222,119804
72,Barchalla,NARAYAN SARMAH,M,61,GEN,IND,8844,3,8847,144222,119804
72,Barchalla,None of the Above,,,,NOTA,1777,1,1778,144222,119804
72,Barchalla,BIPHAI MINJ,M,61,GEN,IND,1216,0,1216,144222,119804
73,Tezpur,BRINDABAN GOSWAMI,M,66,GEN,AGP,70998,172,71170,165087,135410
73,Tezpur,HIRANYA BHUYAN,M,31,GEN,INC,36450,57,36507,165087,135410
73,Tezpur,SUKENDRA NATH,M,51,GEN,AIUDF,22290,5,22295,165087,135410
73,Tezpur,None of the Above,,,,NOTA,1514,0,1514,165087,135410
73,Tezpur,BIZIT SAIKIA,M,72,GEN,IND,1092,4,1096,165087,135410
73,Tezpur,NAYAN MONI CHOUDHURY,M,26,GEN,SUCI,854,1,855,165087,135410
73,Tezpur,BHABANANDA DEKA,M,53,GEN,IND,742,0,742,165087,135410
73,Tezpur,SUJIT SARMA,M,40,GEN,JMBP,662,0,662,165087,135410
73,Tezpur,MAHENDRA BHUYAN,M,65,GEN,NCP,568,1,569,165087,135410
74,Rangapara,PALLAB LOCHAN DAS,M,38,GEN,BJP,51560,37,51597,136999,117485
74,Rangapara,BHIMANANDA TANTI,M,58,GEN,INC,28596,10,28606,136999,117485
74,Rangapara,BIJOY KUMAR TIRU,M,60,GEN,AIUDF,13280,1,13281,136999,117485
74,Rangapara,ROYAL SORENG,M,34,GEN,CPM,8028,5,8033,136999,117485
74,Rangapara,CHRISTOPHER DHANWAR,M,31,GEN,IND,6415,0,6415,136999,117485
74,Rangapara,ABHIJIT HAZARIKA,M,47,GEN,IND,3438,0,3438,136999,117485
74,Rangapara,None of the Above,,,,NOTA,2319,2,2321,136999,117485
74,Rangapara,JITENDRA KUMAR SHARMA,M,43,GEN,IND,1362,0,1362,136999,117485
74,Rangapara,MITHU MALAKAR,M,41,GEN,IND,1254,1,1255,136999,117485
74,Rangapara,ABBAS KHAN,M,55,GEN,IND,687,0,687,136999,117485
74,Rangapara,ARCHANA PAUL CHOUDHURY,F,33,GEN,IND,490,0,490,136999,117485
75,Sootea,PADMA HAZARIKA,M,53,GEN,BJP,60296,144,60440,159679,131702
75,Sootea,PRANESWAR BASUMATARY,M,46,ST,INC,58593,29,58622,159679,131702
75,Sootea,KHEMRAJ CHETRY,M,57,GEN,CPM,4908,6,4914,159679,131702
75,Sootea,JYOTI SUBBA,F,43,GEN,IND,2484,0,2484,159679,131702
75,Sootea,MAHENDRA URANG,M,37,GEN,IND,2112,0,2112,159679,131702
75,Sootea,None of the Above,,,,NOTA,1940,1,1941,159679,131702
75,Sootea,ARUN NATH,M,42,GEN,IND,1188,1,1189,159679,131702
76,Biswanath,PROMOD BORTHAKUR,M,52,GEN,BJP,64022,203,64225,141223,122727
76,Biswanath,NURJAMAL SARKAR,M,64,GEN,INC,53993,112,54105,141223,122727
76,Biswanath,None of the Above,,,,NOTA,2339,2,2341,141223,122727
76,Biswanath,GOPI CHAND SHAHABADI,M,72,GEN,JD(U),2056,0,2056,141223,122727
77,Behali,RANJIT DUTTA,M,59,GEN,BJP,52033,119,52152,107746,92796
77,Behali,RUPAK SARMA,M,41,GEN,INC,28498,53,28551,107746,92796
77,Behali,BIBEK DAS,M,48,GEN,CPI(ML)(L),8019,6,8025,107746,92796
77,Behali,None of the Above,,,,NOTA,2493,2,2495,107746,92796
77,Behali,ZULFIKAR HUSSAIN,M,33,GEN,IND,1573,0,1573,107746,92796
78,Gohpur,UTPAL BORAH,M,49,GEN,BJP,84935,489,85424,171284,146618
78,Gohpur,MONIKA BORA,F,55,GEN,INC,56383,106,56489,171284,146618
78,Gohpur,None of the Above,,,,NOTA,1620,1,1621,171284,146618
78,Gohpur,HALAN PURTTI,M,54,GEN,CPI(ML)(L),1188,1,1189,171284,146618
78,Gohpur,SABIR NARZARY,M,42,ST,IND,967,0,967,171284,146618
78,Gohpur,DEBEN SAIKIA,M,42,GEN,IND,928,0,928,171284,146618
79,Jagiroad,PIJUSH HAZARIKA,M,38,SC,BJP,94421,129,94550,201643,171965
79,Jagiroad,BIBEKANANDA DALAI,M,49,SC,INC,66148,76,66224,201643,171965
79,Jagiroad,PUTUL DAS,M,49,SC,AIUDF,7190,2,7192,201643,171965
79,Jagiroad,DILIP DAS,M,50,SC,AITC,1357,0,1357,201643,171965
79,Jagiroad,None of the Above,,,,NOTA,1142,0,1142,201643,171965
79,Jagiroad,SUKANTA MAZUMDAR,M,31,SC,BGANP,575,1,576,201643,171965
79,Jagiroad,MAMANI DAS,F,27,SC,IND,523,0,523,201643,171965
79,Jagiroad,SURJYA KUMAR DAS,M,30,SC,LDP,401,0,401,201643,171965
80,Marigaon,RAMA KANTA DEWRI,M,52,ST,BJP,80376,293,80669,166503,141292
80,Marigaon,JONJONALI BARUAH,F,57,GEN,INC,50925,121,51046,166503,141292
80,Marigaon,MUNIN MAHANTA,M,64,GEN,CPI,3508,18,3526,166503,141292
80,Marigaon,LACHIT CH MEDHI,M,54,SC,IND,2440,1,2441,166503,141292
80,Marigaon,RAMEN NATH,M,49,GEN,IND,1400,3,1403,166503,141292
80,Marigaon,KHAIRUN NESSA,F,42,GEN,IND,920,0,920,166503,141292
80,Marigaon,None of the Above,,,,NOTA,869,1,870,166503,141292
80,Marigaon,DR. DHIREN CHANDRA NATH,M,59,GEN,IND,416,1,417,166503,141292
81,Laharighat,DR. NAZRUL ISLAM,M,68,GEN,INC,57806,98,57904,160723,139870
81,Laharighat,SIDDIQUE AHMED,M,46,GEN,AIUDF,52053,45,52098,160723,139870
81,Laharighat,JADUMONI PATAR,M,43,ST,AGP,25670,22,25692,160723,139870
81,Laharighat,RABINDRA NATH BISWAS,M,46,SC,IND,1752,0,1752,160723,139870
81,Laharighat,RANJIT KUMAR DEKA,M,36,GEN,IND,1493,1,1494,160723,139870
81,Laharighat,None of the Above,,,,NOTA,930,0,930,160723,139870
82,Raha,DIMBESWAR DAS,M,66,SC,BJP,76889,52,76941,189298,161627
82,Raha,SASHI KANTA DAS,M,44,SC,INC,43835,32,43867,189298,161627
82,Raha,GUNESWAR DAS,M,58,SC,AIUDF,38757,10,38767,189298,161627
82,Raha,None of the Above,,,,NOTA,2051,1,2052,189298,161627
83,Dhing,AMINUL ISLAM,M,44,GEN,AIUDF,82766,20,82786,188167,173259
83,Dhing,ANWAR HUSSAIN,M,48,GEN,INC,58150,83,58233,188167,173259
83,Dhing,MUZIBUR RAHMAN,M,73,GEN,IND,17777,30,17807,188167,173259
83,Dhing,MUKUT KUMAR DEBNATH,M,36,GEN,BJP,8948,10,8958,188167,173259
83,Dhing,None of the Above,,,,NOTA,1358,0,1358,188167,173259
83,Dhing,MUBARAK ALI PATHAN,M,62,GEN,IND,1003,1,1004,188167,173259
83,Dhing,MAINUL HOQUE,M,38,GEN,IND,843,0,843,188167,173259
83,Dhing,RAJANI KANTA NATH,M,49,GEN,JMBP,823,0,823,188167,173259
83,Dhing,JAMANUR RAHMAN,M,45,GEN,RCPI(R),737,0,737,188167,173259
83,Dhing,JEHIRUL ISLAM,M,39,GEN,AITC,710,0,710,188167,173259
84,Batadroba,ANGOORLATA DEKA,F,30,GEN,BJP,46231,112,46343,140284,123226
84,Batadroba,GAUTAM BORA,M,56,GEN,INC,40333,125,40458,140284,123226
84,Batadroba,NAJIR UDDIN AHMED,M,69,GEN,AIUDF,33007,15,33022,140284,123226
84,Batadroba,RAJASREE BORA,F,54,GEN,IND,830,0,830,140284,123226
84,Batadroba,None of the Above,,,,NOTA,789,3,792,140284,123226
84,Batadroba,ARUP KUMAR MAHANTA,M,48,GEN,CPI(ML)(L),559,0,559,140284,123226
84,Batadroba,MUKUL BORA,M,36,GEN,IND,551,0,551,140284,123226
84,Batadroba,PABAN PRAN RABI DAS,M,37,SC,BVM,434,0,434,140284,123226
84,Batadroba,DILWAR AHMED,M,55,GEN,IND,237,0,237,140284,123226
85,Rupohihat,NURUL HUDA,M,51,GEN,INC,72408,219,72627,167685,152895
85,Rupohihat,NURUL AMIN CHOWDHURY,M,52,GEN,AIUDF,50754,29,50783,167685,152895
85,Rupohihat,JAKARIA HAQUE CHOUDHURY,M,34,GEN,BJP,15928,35,15963,167685,152895
85,Rupohihat,ABDUL AZIZ,M,56,GEN,IND,9655,16,9671,167685,152895
85,Rupohihat,ABU  HANIFA,M,33,GEN,JNCP,1019,0,1019,167685,152895
85,Rupohihat,FAIZUR RAHMAN,M,42,GEN,IND,901,0,901,167685,152895
85,Rupohihat,None of the Above,,,,NOTA,803,0,803,167685,152895
85,Rupohihat,BIJU BORO,M,52,ST,IND,709,0,709,167685,152895
85,Rupohihat,NAZIR HUSSAIN,M,39,GEN,IND,419,0,419,167685,152895
86,Nowgong,RUPAK SARMAH,M,43,GEN,BJP,66453,253,66706,166796,140655
86,Nowgong,DR. DURLAV CHAMUA,M,55,GEN,INC,53361,81,53442,166796,140655
86,Nowgong,KARTICK SAHA,M,53,GEN,AIUDF,18031,7,18038,166796,140655
86,Nowgong,None of the Above,,,,NOTA,779,3,782,166796,140655
86,Nowgong,BIREN CHANDRA DAS,M,58,SC,ABHM,491,0,491,166796,140655
86,Nowgong,SHANTANA MAHATO,F,36,GEN,IND,376,0,376,166796,140655
86,Nowgong,JESMIN AHMED,F,33,GEN,IND,322,0,322,166796,140655
86,Nowgong,MIHIR PAUL,M,39,GEN,AITC,268,0,268,166796,140655
86,Nowgong,ANSER ALI ALOM,M,39,GEN,IND,230,0,230,166796,140655
87,Barhampur,PRAFULLA KUMAR MAHANTA,M,64,GEN,AGP,65575,193,65768,162019,135790
87,Barhampur,SURESH BORA,M,44,GEN,INC,60548,51,60599,162019,135790
87,Barhampur,SHARIFUL ISLAM SIDDIQUE,M,35,GEN,AIUDF,2786,1,2787,162019,135790
87,Barhampur,LAKHAN MIRDHA,M,44,GEN,CPI,1685,2,1687,162019,135790
87,Barhampur,PRAHLAD CHANDRA BHUYAN,M,68,GEN,IND,1183,1,1184,162019,135790
87,Barhampur,None of the Above,,,,NOTA,1177,2,1179,162019,135790
87,Barhampur,ABIDA BEGUM,F,47,GEN,RAJPA,754,0,754,162019,135790
87,Barhampur,PAWAN PANIKA,M,39,GEN,FDLP,607,0,607,162019,135790
87,Barhampur,ABDUL ALI,M,45,GEN,IND,480,0,480,162019,135790
87,Barhampur,DEBABRATA SAIKIA,M,50,GEN,IND,461,0,461,162019,135790
87,Barhampur,SONA RAM BORA,M,60,GEN,SUCI,284,0,284,162019,135790
88,Samaguri,RAKIBUL HUSSAIN,M,51,GEN,INC,66280,84,66364,142303,127751
88,Samaguri,JITU GOSWAMI,M,45,GEN,BJP,51757,92,51849,142303,127751
88,Samaguri,MOSKUR RAHMAN CHOUDHURY,M,46,GEN,AIUDF,6726,0,6726,142303,127751
88,Samaguri,CHITTA RANJAN PAUL,M,52,GEN,IND,1282,0,1282,142303,127751
88,Samaguri,None of the Above,,,,NOTA,968,0,968,142303,127751
88,Samaguri,PRADIP KALITA,M,47,GEN,IND,562,0,562,142303,127751
89,Kaliabor,KESHAB MAHANTA,M,56,GEN,AGP,64410,349,64759,121467,104407
89,Kaliabor,BINDU GANJU,M,56,GEN,INC,26710,59,26769,121467,104407
89,Kaliabor,BOLORAM NAG,M,71,GEN,AIUDF,3679,3,3682,121467,104407
89,Kaliabor,BIJAY KUMAR CHAMARIA,M,41,GEN,IND,2315,10,2325,121467,104407
89,Kaliabor,PROMODE BHUYAN,M,60,GEN,CPI,2063,0,2063,121467,104407
89,Kaliabor,None of the Above,,,,NOTA,1622,4,1626,121467,104407
89,Kaliabor,JAYANTA ORANG,M,41,GEN,IND,1016,0,1016,121467,104407
89,Kaliabor,BHUPEN CHANDRA BORAH,M,43,GEN,LDP,862,8,870,121467,104407
89,Kaliabor,BHASKAR SHARMA,M,29,GEN,IND,794,0,794,121467,104407
89,Kaliabor,BIREN MIRDHA,M,61,GEN,BVM,503,0,503,121467,104407
90,Jamunamukh,ABDUR RAHIM AJMAL,M,31,GEN,AIUDF,65575,24,65599,182887,154087
90,Jamunamukh,REJAUL KARIM CHOWDHURY,M,34,GEN,IND,52033,162,52195,182887,154087
90,Jamunamukh,BASHIR UDDIN LASKAR,M,62,GEN,INC,23830,19,23849,182887,154087
90,Jamunamukh,ZIA UDDIN AHMED,M,37,GEN,AGP,4731,1,4732,182887,154087
90,Jamunamukh,BADAR UDDIN,M,50,GEN,IND,1956,0,1956,182887,154087
90,Jamunamukh,None of the Above,,,,NOTA,1129,0,1129,182887,154087
90,Jamunamukh,ABDUL WAHID,M,57,GEN,IND,904,0,904,182887,154087
90,Jamunamukh,JUGAL (DILU) BODO,M,35,ST,IND,808,0,808,182887,154087
90,Jamunamukh,SHAMAL DAS,M,25,GEN,IND,757,0,757,182887,154087
90,Jamunamukh,SUMITRA BORA,F,32,GEN,IND,653,0,653,182887,154087
90,Jamunamukh,NURUL HOQUE,M,42,GEN,JNCP,489,0,489,182887,154087
90,Jamunamukh,SUNTI BORA,F,42,GEN,JMBP,309,0,309,182887,154087
90,Jamunamukh,MINAZ UDDIN,M,33,GEN,IND,266,0,266,182887,154087
90,Jamunamukh,BASIR UDDIN,M,30,GEN,IND,233,0,233,182887,154087
90,Jamunamukh,KAMAL UDDIN,M,41,GEN,IND,208,0,208,182887,154087
91,Hojai,SHILADITYA DEV,M,47,GEN,BJP,105538,77,105615,225980,194147
91,Hojai,DHANIRAM THOUSEN,M,64,ST,AIUDF,49748,8,49756,225980,194147
91,Hojai,ARDHENDU KUMAR DEY,M,76,GEN,INC,35175,32,35207,225980,194147
91,Hojai,ZAKIR HUSSAIN,M,46,GEN,IND,1432,0,1432,225980,194147
91,Hojai,None of the Above,,,,NOTA,1342,0,1342,225980,194147
91,Hojai,MAINUL HOQUE,M,35,GEN,IND,795,0,795,225980,194147
92,Lumding,SIBU MISRA,M,49,GEN,BJP,72025,47,72072,182377,156524
92,Lumding,NETRA RANJAN MAHANTA,M,52,GEN,INC,41617,55,41672,182377,156524
92,Lumding,SWAPAN KAR,M,59,GEN,AIUDF,39061,14,39075,182377,156524
92,Lumding,None of the Above,,,,NOTA,1230,2,1232,182377,156524
92,Lumding,UJJAL DEB,M,38,GEN,IND,1109,0,1109,182377,156524
92,Lumding,KAMRUL ISLAM  BARBHUYAN,M,34,GEN,JNCP,746,0,746,182377,156524
92,Lumding,KAMAL PATAR,M,42,ST,IND,618,0,618,182377,156524
93,Bokakhat,ATUL BORA,M,55,GEN,AGP,62952,10,62962,123219,105454
93,Bokakhat,ARUN PHUKAN,M,64,GEN,INC,22768,1,22769,123219,105454
93,Bokakhat,ANIMA GOGOI,F,48,GEN,IND,11872,0,11872,123219,105454
93,Bokakhat,REBA KANTA GOGOI,M,48,GEN,IND,3414,0,3414,123219,105454
93,Bokakhat,None of the Above,,,,NOTA,2181,0,2181,123219,105454
93,Bokakhat,BIJOY KUTUM,M,31,ST,IND,1351,0,1351,123219,105454
93,Bokakhat,MRITYUNJOY PEGU,M,33,ST,IND,905,0,905,123219,105454
94,Sarupathar,ROSELINA TIRKEY,F,34,GEN,INC,67023,127,67150,226640,186263
94,Sarupathar,BINOD GOWALLA,M,56,GEN,AGP,64074,149,64223,226640,186263
94,Sarupathar,BISWAJIT PHUKAN,M,43,GEN,IND,37181,100,37281,226640,186263
94,Sarupathar,SATYA DEV SAHU,M,46,GEN,AIUDF,7593,3,7596,226640,186263
94,Sarupathar,BHADRESWAR TANTI,M,74,GEN,IND,4057,1,4058,226640,186263
94,Sarupathar,None of the Above,,,,NOTA,3212,0,3212,226640,186263
94,Sarupathar,RUHIT BASUMATARY,M,25,ST,IND,1554,0,1554,226640,186263
94,Sarupathar,DIPU SAIKIA,M,57,ST,IND,1188,1,1189,226640,186263
95,Golaghat,AJANTA NEOG,F,52,GEN,INC,73850,12,73862,175488,147225
95,Golaghat,BITUPAN SAIKIA,M,38,GEN,BJP,68636,13,68649,175488,147225
95,Golaghat,SYED JAHID ABDULLAH,M,38,GEN,AIUDF,1804,0,1804,175488,147225
95,Golaghat,None of the Above,,,,NOTA,1717,0,1717,175488,147225
95,Golaghat,DIPANKAR DAS,M,29,SC,IND,1193,0,1193,175488,147225
96,Khumtai,MRINAL SAIKIA,M,48,GEN,BJP,57631,6,57637,120648,104267
96,Khumtai,BISMITA GOGOI,F,44,GEN,INC,40762,1,40763,120648,104267
96,Khumtai,LALAN THAKUR,M,50,GEN,CPI,2005,0,2005,120648,104267
96,Khumtai,SAHJAHAN ALI,M,36,GEN,AIUDF,1763,0,1763,120648,104267
96,Khumtai,None of the Above,,,,NOTA,1286,0,1286,120648,104267
96,Khumtai,HEMANTA DOLOI,M,37,GEN,IND,813,0,813,120648,104267
97,Dergaon,BHABENDRA NATH BHARALI,M,58,SC,AGP,62880,199,63079,146727,120611
97,Dergaon,AROTI HAZARIKA KACHARI,F,55,SC,INC,46737,70,46807,146727,120611
97,Dergaon,RITA DAS,F,65,SC,IND,3619,3,3622,146727,120611
97,Dergaon,BHUBAN CHANDRA SAIKIA,M,49,SC,IND,3223,2,3225,146727,120611
97,Dergaon,None of the Above,,,,NOTA,2046,4,2050,146727,120611
97,Dergaon,AJIT HAZARIKA,M,58,SC,NCP,1828,0,1828,146727,120611
98,Jorhat,HITENDRA NATH GOSWAMI,M,57,GEN,BJP,68953,256,69209,163793,130809
98,Jorhat,RANA GOSWAMI,M,56,GEN,INC,55436,135,55571,163793,130809
98,Jorhat,NIRMAL CHANDRA GOGOI,M,62,GEN,CPM,1536,12,1548,163793,130809
98,Jorhat,PRODYUT KUMAR BORA,M,42,GEN,LDP,1367,5,1372,163793,130809
98,Jorhat,None of the Above,,,,NOTA,1180,4,1184,163793,130809
98,Jorhat,SANJEEV RAJKHOWA,M,44,GEN,AIUDF,842,0,842,163793,130809
98,Jorhat,BHASKAR JYOTI MAHANTA,M,36,GEN,IND,635,0,635,163793,130809
98,Jorhat,JIBON CHANDRA SARMAH,M,60,GEN,IND,447,1,448,163793,130809
99,Majuli,SARBANANDA SONOWAL,M,54,ST,BJP,49014,588,49602,114572,97761
99,Majuli,RAJIB LOCHAN PEGU,M,55,ST,INC,30565,114,30679,114572,97761
99,Majuli,RANJIT DOLEY,M,58,ST,IND,15659,36,15695,114572,97761
99,Majuli,None of the Above,,,,NOTA,987,0,987,114572,97761
99,Majuli,HEMANTA PEGU,M,34,ST,SUCI,798,0,798,114572,97761
100,Titabar,TARUN GOGOI,M,79,GEN,INC,62012,13,62025,136227,113504
100,Titabar,KAMAKHYA PRASAD TASA,M,40,GEN,BJP,44516,14,44530,136227,113504
100,Titabar,KULA DAS,M,70,ST,CPI,2413,0,2413,136227,113504
100,Titabar,None of the Above,,,,NOTA,1726,0,1726,136227,113504
100,Titabar,BIREN GOGOI,M,62,GEN,BVM,1332,0,1332,136227,113504
100,Titabar,DILIP GOGOI,M,47,GEN,IND,763,0,763,136227,113504
100,Titabar,SMRITIREKHA SHYAM,F,40,ST,IND,715,0,715,136227,113504
101,Mariani,RUPJYOTI KURMI,M,38,GEN,INC,36692,9,36701,106715,90548
101,Mariani,ALOK KUMAR GHOSH,M,58,GEN,NCP,34903,5,34908,106715,90548
101,Mariani,DULEN NAYAK,M,51,GEN,BJP,14599,3,14602,106715,90548
101,Mariani,JINTU HAZARIKA,M,40,GEN,IND,1954,0,1954,106715,90548
101,Mariani,None of the Above,,,,NOTA,1613,0,1613,106715,90548
101,Mariani,DIGANTA PHUKAN,M,37,GEN,IND,770,0,770,106715,90548
102,Teok,RENUPOMA RAJKHOWA,F,61,GEN,AGP,40762,166,40928,118981,95446
102,Teok,PALLABI SAIKIA GOGOI,F,37,GEN,INC,35802,77,35879,118981,95446
102,Teok,GOJANAND MUNDA,M,32,GEN,IND,3920,3,3923,118981,95446
102,Teok,BUBUL DUTTA,M,44,GEN,IND,3637,8,3645,118981,95446
102,Teok,MOHENDRA KUMAR GOGOI,M,63,GEN,IND,3256,14,3270,118981,95446
102,Teok,JITEN TANTI,M,34,GEN,CPI(ML)(L),1610,1,1611,118981,95446
102,Teok,None of the Above,,,,NOTA,1570,0,1570,118981,95446
102,Teok,RANJAN JYOTI PHUKON,M,38,GEN,IND,1435,6,1441,118981,95446
102,Teok,CHIRANJIT BORAH,M,43,GEN,IND,1087,1,1088,118981,95446
102,Teok,KRISHNAA GOGOI,F,47,GEN,IND,810,1,811,118981,95446
102,Teok,ASHRAF HUSSAIN,M,54,GEN,IND,753,0,753,118981,95446
102,Teok,JOTIN SAIKIA,M,52,GEN,IND,525,2,527,118981,95446
103,Amguri,PRODIP HAZARIKA,M,64,GEN,AGP,41894,116,42010,112209,96014
103,Amguri,ANGKITA DUTTA,F,28,GEN,INC,40325,65,40390,112209,96014
103,Amguri,DULAL BARUAH,M,53,GEN,IND,5490,8,5498,112209,96014
103,Amguri,JANARDAN HAZARIKA,M,32,GEN,IND,3419,1,3420,112209,96014
103,Amguri,None of the Above,,,,NOTA,1396,3,1399,112209,96014
103,Amguri,DILRAM KARMAKAR,M,39,GEN,IND,1053,0,1053,112209,96014
103,Amguri,GAYATRI BORAH KALITA,F,45,GEN,AIUDF,873,0,873,112209,96014
103,Amguri,RAJKUMAR DOWARAH,M,50,GEN,AIFB,699,0,699,112209,96014
103,Amguri,ANWAR HUSSAIN,M,61,GEN,IND,671,1,672,112209,96014
104,Nazira,DEBABRATA SAIKIA,M,50,GEN,INC,52651,218,52869,119255,98321
104,Nazira,PROHLAD GOWALA,M,37,GEN,BJP,37928,86,38014,119255,98321
104,Nazira,KANAK GOGOI,M,40,GEN,CPI,4487,20,4507,119255,98321
104,Nazira,RIBULAYA GOGOI,F,35,GEN,IND,1499,2,1501,119255,98321
104,Nazira,None of the Above,,,,NOTA,1429,1,1430,119255,98321
105,Mahmara,JOGEN MOHAN,M,53,GEN,BJP,48981,55,49036,120182,103228
105,Mahmara,SURUJ DEHINGIA,M,40,GEN,INC,34654,57,34711,120182,103228
105,Mahmara,HIRANYA KUMAR KONWAR,M,55,GEN,AGP,9291,25,9316,120182,103228
105,Mahmara,HEMEN PEGU,M,39,ST,IND,2191,3,2194,120182,103228
105,Mahmara,None of the Above,,,,NOTA,1793,2,1795,120182,103228
105,Mahmara,BALDEV TELI,M,32,GEN,BVM,1178,0,1178,120182,103228
105,Mahmara,PRASUN RAJKONWAR,M,30,GEN,IND,1139,1,1140,120182,103228
105,Mahmara,SUNIT KUMAR MAHANTA,M,50,GEN,JNCP,872,0,872,120182,103228
105,Mahmara,RAJEN GOGOI,M,53,GEN,NCP,812,0,812,120182,103228
105,Mahmara,KALI BORUAH,F,58,GEN,LDP,744,0,744,120182,103228
105,Mahmara,DIBYA BURAGOHAIN GOGOI,F,61,GEN,IND,731,0,731,120182,103228
105,Mahmara,NITYANANDA GOGOI,M,67,GEN,RCPI(R),445,3,448,120182,103228
105,Mahmara,GIRISH PHUKON,M,48,GEN,RAJPA,251,0,251,120182,103228
106,Sonari,TOPON KUMAR GOGOI,M,47,GEN,BJP,73186,141,73327,151738,131346
106,Sonari,SARAT BARKATAKY,M,77,GEN,INC,49114,96,49210,151738,131346
106,Sonari,None of the Above,,,,NOTA,3144,0,3144,151738,131346
106,Sonari,RATAN HEMROM,M,36,GEN,IND,1579,0,1579,151738,131346
106,Sonari,ANUP BHOWMIK,M,37,GEN,JD(U),1330,0,1330,151738,131346
106,Sonari,BISHNU KOYA,M,38,GEN,BVM,1254,0,1254,151738,131346
106,Sonari,RAYMOND KUJUR,M,28,GEN,JNCP,770,0,770,151738,131346
106,Sonari,MONIL BOKALIAL,M,45,GEN,LDP,732,0,732,151738,131346
107,Thowra,KUSHAL DOWARI,M,50,GEN,BJP,41511,49,41560,100072,85836
107,Thowra,SUSHANTA BORGOHAIN,M,41,GEN,INC,40249,85,40334,100072,85836
107,Thowra,KUSHAL BORGOHAIN,M,63,GEN,CPI,2064,2,2066,100072,85836
107,Thowra,None of the Above,,,,NOTA,1876,0,1876,100072,85836
108,Sibsagar,PRANAB KUMAR GOGOI,M,80,GEN,INC,48504,80,48584,138397,113331
108,Sibsagar,SURABHI RAJKONWAR,F,42,GEN,BJP,47965,77,48042,138397,113331
108,Sibsagar,ASHINI KUMAR CHETIA,M,45,GEN,IND,10179,9,10188,138397,113331
108,Sibsagar,JITEN BORPATRA GOHAIN,M,65,GEN,CPI,2170,4,2174,138397,113331
108,Sibsagar,JAYANTA RAJKONWAR,M,53,GEN,IND,1502,4,1506,138397,113331
108,Sibsagar,None of the Above,,,,NOTA,890,3,893,138397,113331
108,Sibsagar,ANWAR HUSSAIN,M,61,GEN,IND,721,1,722,138397,113331
108,Sibsagar,DILSHAD HUSSAIN AHMED,M,40,GEN,AIUDF,663,0,663,138397,113331
108,Sibsagar,DR. GUNIN BASUMATARI,M,64,GEN,LDP,559,0,559,138397,113331
109,Bihpuria,DEBANANDA HAZARIKA,M,63,GEN,BJP,66411,152,66563,131665,109694
109,Bihpuria,BHUPEN KUMAR BORAH,M,45,GEN,INC,40339,37,40376,131665,109694
109,Bihpuria,None of the Above,,,,NOTA,834,0,834,131665,109694
109,Bihpuria,PREMADHAR BORAH,M,82,GEN,IND,753,1,754,131665,109694
109,Bihpuria,SUNDER DEURI,M,40,ST,RSSC,693,0,693,131665,109694
109,Bihpuria,GARGI DEORI,F,37,ST,IND,473,1,474,131665,109694
110,Naoboicha,MAMUN IMDADUL HAQUE CHAWDHURY,M,36,GEN,AIUDF,55974,29,56003,184281,162236
110,Naoboicha,RAO GAJENDRA SINGH,M,55,GEN,BJP,54730,40,54770,184281,162236
110,Naoboicha,SANJAY RAJ SUBBA,M,56,GEN,INC,33824,38,33862,184281,162236
110,Naoboicha,JAYANTA KHAUND,M,48,GEN,AGP,8055,15,8070,184281,162236
110,Naoboicha,SIMANTA BORUAH,M,42,GEN,IND,2787,0,2787,184281,162236
110,Naoboicha,PAWAN MAJHI SAUTAL,M,30,GEN,IND,2480,1,2481,184281,162236
110,Naoboicha,None of the Above,,,,NOTA,1176,0,1176,184281,162236
110,Naoboicha,SAHEBA AHMED,F,41,GEN,IND,827,0,827,184281,162236
110,Naoboicha,ANUPAM CHUTIA,M,34,GEN,SUCI,737,0,737,184281,162236
110,Naoboicha,DR. DEBABRAT GOGOI,M,43,GEN,IND,639,1,640,184281,162236
110,Naoboicha,SOFIQUL ISLAM,M,40,GEN,IND,512,0,512,184281,162236
110,Naoboicha,DILWAR HUSSAIN,M,39,GEN,IND,371,0,371,184281,162236
111,Lakhimpur,UTPAL DUTTA,M,55,GEN,AGP,45832,85,45917,160183,135518
111,Lakhimpur,JOY PRAKASH DAS,M,38,SC,INC,41710,52,41762,160183,135518
111,Lakhimpur,GHANA BURAGOHAIN,M,51,GEN,IND,23469,24,23493,160183,135518
111,Lakhimpur,MAHIM HAZARIKA,M,48,GEN,IND,11268,4,11272,160183,135518
111,Lakhimpur,UDAY SHANKAR HAZARIKA,M,56,GEN,IND,4744,6,4750,160183,135518
111,Lakhimpur,ARUP KALITA,M,49,GEN,CPI,1313,0,1313,160183,135518
111,Lakhimpur,DIPAK CHETIA,M,39,GEN,AIUDF,1313,0,1313,160183,135518
111,Lakhimpur,MINAKHI GOHAIN BARUAH,F,57,GEN,IND,1089,3,1092,160183,135518
111,Lakhimpur,None of the Above,,,,NOTA,886,2,888,160183,135518
111,Lakhimpur,HIRA GOGOI,M,37,GEN,IND,861,0,861,160183,135518
111,Lakhimpur,FAZLUR RAHMAN,M,32,GEN,IND,730,0,730,160183,135518
111,Lakhimpur,DILIP DUTTA,M,51,GEN,IND,662,0,662,160183,135518
111,Lakhimpur,NANDA KISHORE MAHESWARI,M,68,GEN,IND,639,1,640,160183,135518
111,Lakhimpur,MAHIM KONWAR,M,67,GEN,IND,480,1,481,160183,135518
111,Lakhimpur,BIRINCHI PEGU,M,35,ST,SUCI,344,0,344,160183,135518
112,Dhakuakhana,NABA KUMAR DOLEY,M,45,ST,BJP,81329,227,81556,174472,147072
112,Dhakuakhana,BHARAT CHANDRA NARAH,M,58,ST,INC,56891,123,57014,174472,147072
112,Dhakuakhana,LAKHI NATH SONOWAL,M,60,ST,CPM,2264,6,2270,174472,147072
112,Dhakuakhana,DILIP KUMAR CHOWDHURY,M,53,ST,IND,2012,20,2032,174472,147072
112,Dhakuakhana,BHUMI RANJAN DOLEY,M,60,ST,IND,1855,0,1855,174472,147072
112,Dhakuakhana,None of the Above,,,,NOTA,1109,2,1111,174472,147072
112,Dhakuakhana,DR RAJENDRA NATH PEGU,M,61,ST,LDP,812,0,812,174472,147072
112,Dhakuakhana,JUTIKA DOLEY,F,34,ST,SUCI,422,0,422,174472,147072
113,Dhemaji,PRADAN BARUAH,M,50,ST,BJP,69277,315,69592,211237,170160
113,Dhemaji,SUMITRA DOLEY PATIR,F,59,ST,INC,50286,185,50471,211237,170160
113,Dhemaji,PARAMANANDA CHAYENGIA,M,55,ST,IND,21849,25,21874,211237,170160
113,Dhemaji,SAILEN SONOWAL,M,42,ST,IND,16505,43,16548,211237,170160
113,Dhemaji,GANDHESWAR BORAH,M,55,ST,CPM,3814,16,3830,211237,170160
113,Dhemaji,KIRANBAN DEORI,M,50,ST,LDP,2451,5,2456,211237,170160
113,Dhemaji,RAJKUMAR DOLEY,M,42,ST,IND,2173,0,2173,211237,170160
113,Dhemaji,None of the Above,,,,NOTA,1414,3,1417,211237,170160
113,Dhemaji,DURGESWAR PATIR,M,69,ST,LJP,1272,3,1275,211237,170160
113,Dhemaji,HEM KANTA MIRI,M,33,ST,SUCI,524,0,524,211237,170160
114,Jonai,BHUBON PEGU,M,45,ST,IND,88379,62,88441,251932,206216
114,Jonai,ASWINI PAIT,M,46,ST,BJP,39106,42,39148,251932,206216
114,Jonai,SATHO BASUMATARY,M,43,ST,IND,33258,7,33265,251932,206216
114,Jonai,SUSHIL PEGU,M,45,ST,INC,30858,32,30890,251932,206216
114,Jonai,LENINDRA KUMAR DOLEY,M,61,ST,IND,5625,0,5625,251932,206216
114,Jonai,HITESH DEORI,M,30,ST,IND,2289,1,2290,251932,206216
114,Jonai,BHUPEN NARAH,M,54,ST,IND,2120,0,2120,251932,206216
114,Jonai,None of the Above,,,,NOTA,1846,4,1850,251932,206216
114,Jonai,JANKI KUMAR PEGU,M,42,ST,IND,1519,0,1519,251932,206216
114,Jonai,NAREN SONOWAL,M,55,ST,IND,1068,0,1068,251932,206216
115,Moran,CHAKRADHAR GOGOI,M,45,GEN,BJP,54415,156,54571,121122,100811
115,Moran,PABAN SINGH GHATOWAR,M,67,GEN,INC,38291,49,38340,121122,100811
115,Moran,ASHOK KUMAR URANG,M,40,GEN,IND,2319,3,2322,121122,100811
115,Moran,None of the Above,,,,NOTA,1671,2,1673,121122,100811
115,Moran,HIRANYA BORUAH,M,35,ST,CPI,1650,0,1650,121122,100811
115,Moran,SUNIL RAJKONWAR,M,46,GEN,IND,1463,1,1464,121122,100811
115,Moran,RUBUL BURAGOHAIN,M,39,GEN,IND,791,0,791,121122,100811
116,Dibrugarh,PRASANTA PHUKAN,M,60,GEN,BJP,63751,234,63985,129214,104861
116,Dibrugarh,CHANDRA KANTA BARUA,M,61,GEN,INC,36462,149,36611,129214,104861
116,Dibrugarh,None of the Above,,,,NOTA,1113,3,1116,129214,104861
116,Dibrugarh,DIGANTA PHUKAN,M,43,GEN,CPI,1082,4,1086,129214,104861
116,Dibrugarh,BIPUL CHANDRA DAS,M,52,SC,IND,744,4,748,129214,104861
116,Dibrugarh,AVINASH SINGH,M,30,GEN,IND,503,0,503,129214,104861
116,Dibrugarh,JUGEN KACHARI,M,42,ST,IND,501,0,501,129214,104861
116,Dibrugarh,PADMESWAR PHUKAN,M,58,GEN,IND,311,0,311,129214,104861
117,Lahowal,RITUPARNA BARUAH,M,43,GEN,BJP,58818,195,59013,127644,109577
117,Lahowal,PRITHIBI MAJHI,M,64,GEN,INC,39340,74,39414,127644,109577
117,Lahowal,None of the Above,,,,NOTA,3036,3,3039,127644,109577
117,Lahowal,RAJESH RAJPUT,M,42,GEN,CPI,3018,4,3022,127644,109577
117,Lahowal,RANJIT KONWAR,M,46,GEN,IND,1752,1,1753,127644,109577
117,Lahowal,SOMBHULAL SABOR,M,54,GEN,IND,1568,0,1568,127644,109577
117,Lahowal,PRIYA NATH GOGOI,M,39,GEN,IND,910,1,911,127644,109577
117,Lahowal,BOGA KUMAR NAG,M,60,GEN,JNCP,857,0,857,127644,109577
118,Duliajan,TERASH GOWALLA,M,42,GEN,BJP,58338,112,58450,138589,114313
118,Duliajan,DHRUBA JYOTI GOGOI,M,37,GEN,INC,41301,63,41364,138589,114313
118,Duliajan,AMIYA GOGOI,F,68,GEN,IND,4364,12,4376,138589,114313
118,Duliajan,None of the Above,,,,NOTA,2752,9,2761,138589,114313
118,Duliajan,RAMESH CHANDRA PHUKAN,M,66,GEN,IND,1813,3,1816,138589,114313
118,Duliajan,HIRANYA SONOWAL (RAJU),M,39,ST,IND,1140,4,1144,138589,114313
118,Duliajan,ANJALI SENAPATI,F,47,GEN,JNCP,1036,1,1037,138589,114313
118,Duliajan,JATIN KONWAR,M,38,GEN,IND,825,0,825,138589,114313
118,Duliajan,SUNIL TANTI,M,31,GEN,CPI(ML)(L),708,2,710,138589,114313
118,Duliajan,PROBIN KUMAR HAZARIKA,M,56,ST,IND,649,2,651,138589,114313
118,Duliajan,ISAK KARKARIA,M,47,GEN,IND,637,0,637,138589,114313
118,Duliajan,JHUMA DEB NATH,F,45,GEN,SHS,542,0,542,138589,114313
119,Tingkhong,BIMAL BORAH,M,40,GEN,BJP,56942,130,57072,122628,104500
119,Tingkhong,ATUWA MUNDA,M,55,GEN,INC,38698,36,38734,122628,104500
119,Tingkhong,ANUP PHUKON,M,58,GEN,IND,2924,11,2935,122628,104500
119,Tingkhong,None of the Above,,,,NOTA,2075,0,2075,122628,104500
119,Tingkhong,MIRA TANTI,F,34,GEN,CPI(ML)(L),1299,0,1299,122628,104500
119,Tingkhong,DILIP BHARALI,M,45,GEN,IND,1235,0,1235,122628,104500
119,Tingkhong,ELIASH SICHAN,M,49,GEN,JDP,1150,0,1150,122628,104500
120,Naharkatia,NAREN SONOWAL (BOTALI),M,56,ST,AGP,45943,108,46051,117877,98504
120,Naharkatia,PRANATEE PHUKAN,F,53,GEN,INC,42455,65,42520,117877,98504
120,Naharkatia,SURESH CH. DEKA,M,61,GEN,CPM,4018,8,4026,117877,98504
120,Naharkatia,MOHAN NAG,M,39,GEN,IND,2706,2,2708,117877,98504
120,Naharkatia,None of the Above,,,,NOTA,1715,4,1719,117877,98504
120,Naharkatia,MAHENDRA DHADUMIYA,M,68,ST,IND,783,0,783,117877,98504
120,Naharkatia,SADANANDA DAS,M,48,SC,JNCP,697,0,697,117877,98504
121,Chabua ,BINOD HAZARIKA,M,40,GEN,BJP,69261,90,69351,135872,116043
121,Chabua ,RAJU SAHU,M,46,GEN,INC,38573,24,38597,135872,116043
121,Chabua ,None of the Above,,,,NOTA,3011,1,3012,135872,116043
121,Chabua ,DEBNATH MAJHI,M,37,GEN,CPI(ML)(L),2516,0,2516,135872,116043
121,Chabua ,RABIN CHANDRA KACHARI,M,61,ST,IND,1315,0,1315,135872,116043
121,Chabua ,UTPAL KAKOTI,M,52,GEN,IND,1251,1,1252,135872,116043
122,Tinsukia,SANJOY KISHAN,M,46,GEN,BJP,70874,63,70937,144234,115843
122,Tinsukia,RAJENDRA PRASAD SINGH,M,53,GEN,INC,35842,26,35868,144234,115843
122,Tinsukia,LAKHYAJYOTI BORUAH,M,26,GEN,IND,4051,5,4056,144234,115843
122,Tinsukia,None of the Above,,,,NOTA,1982,4,1986,144234,115843
122,Tinsukia,CINTU BARUAH,M,33,GEN,NCP,1019,1,1020,144234,115843
122,Tinsukia,ANANTA JYOTI BHATTACHARJEE,M,26,GEN,JNCP,773,0,773,144234,115843
122,Tinsukia,RAM DARSHAN SINGH,M,48,GEN,IND,667,0,667,144234,115843
122,Tinsukia,RAM NARAYAN SINGH,M,51,GEN,SHS,536,0,536,144234,115843
123,Digboi,SUREN PHUKAN,M,46,GEN,BJP,49123,44,49167,115654,95525
123,Digboi,GAUTAM DHANOWAR,M,38,GEN,INC,34856,18,34874,115654,95525
123,Digboi,PRANAB CHETIA,M,49,GEN,IND,4839,2,4841,115654,95525
123,Digboi,None of the Above,,,,NOTA,2244,2,2246,115654,95525
123,Digboi,IMRAN SIDDIQUE,M,35,GEN,IND,1165,1,1166,115654,95525
123,Digboi,BISWANATH SARMA BORDOLOI,M,50,GEN,IND,977,0,977,115654,95525
123,Digboi,NOGEN DHEKIAL PHUKAN,M,46,GEN,NCP,923,0,923,115654,95525
123,Digboi,BHABAKANTA CHUTIA,M,50,GEN,IND,743,0,743,115654,95525
123,Digboi,CHANDAN BAGH,M,43,GEN,IND,588,0,588,115654,95525
124,Margherita,BHASKAR SHARMA,M,47,GEN,BJP,76362,3,76365,163088,136740
124,Margherita,PRADYUT BORDOLOI,M,57,GEN,INC,53620,1,53621,163088,136740
124,Margherita,None of the Above,,,,NOTA,2137,0,2137,163088,136740
124,Margherita,NIDAN PURTY,M,31,GEN,IND,1332,0,1332,163088,136740
124,Margherita,BISHWANATH SINGHA,M,49,GEN,IND,1306,0,1306,163088,136740
124,Margherita,UMESH BORA,M,60,GEN,IND,1289,0,1289,163088,136740
124,Margherita,PURNA CHETRI,M,54,GEN,IND,690,0,690,163088,136740
125,Doom Dooma,DURGA BHUMIJ,M,48,GEN,INC,46938,0,46938,123811,103392
125,Doom Dooma,DILIP MORAN,M,48,GEN,BJP,46150,6,46156,123811,103392
125,Doom Dooma,None of the Above,,,,NOTA,3317,0,3317,123811,103392
125,Doom Dooma,HRISHIKESH BARUAH,M,29,GEN,IND,1481,0,1481,123811,103392
125,Doom Dooma,MONOJ KUMAR SAWASHI,M,50,GEN,JNCP,1443,0,1443,123811,103392
125,Doom Dooma,RAJESH KARMAKAR,M,43,GEN,IND,1441,0,1441,123811,103392
125,Doom Dooma,SARFARAZ ALAM,M,29,GEN,IND,846,0,846,123811,103392
125,Doom Dooma,ISAB HUSSAIN,M,40,GEN,IND,642,0,642,123811,103392
125,Doom Dooma,RANJIT SINGH GORH,M,48,GEN,IND,571,0,571,123811,103392
125,Doom Dooma,BHABA KANTA CHUTIA,M,50,GEN,IND,557,0,557,123811,103392
126,Sadiya,BOLIN CHETIA,M,46,GEN,BJP,38776,69,38845,156619,120848
126,Sadiya,BIRINCHI NEOG,M,46,GEN,INC,32254,25,32279,156619,120848
126,Sadiya,LAKHIN CHANDRA CHETIA,M,53,GEN,IND,21820,185,22005,156619,120848
126,Sadiya,DINDAYAL VERMA,M,48,GEN,IND,12479,2,12481,156619,120848
126,Sadiya,TIKENDRA THAPA,M,60,GEN,IND,5042,5,5047,156619,120848
126,Sadiya,DRONA CHARINGIA PHUKAN,M,63,GEN,CPM,2309,1,2310,156619,120848
126,Sadiya,None of the Above,,,,NOTA,2044,0,2044,156619,120848
126,Sadiya,BISWANATH BARUAH,M,62,GEN,IND,1429,1,1430,156619,120848
126,Sadiya,SHRIKUMAR DOHUTIA,M,64,GEN,IND,1263,1,1264,156619,120848
126,Sadiya,ANUP PRATIM BORBARUAH,M,48,GEN,NCP,846,0,846,156619,120848
126,Sadiya,BULBUL GOWALA,M,50,GEN,IND,783,0,783,156619,120848
126,Sadiya,RAMEN BORGOHAIN,M,37,GEN,IND,758,0,758,156619,120848
126,Sadiya,LALIT DEORI,M,58,ST,IND,756,0,756,156619,120848
